Misclassification_type	Known_outcome	Predicted_outcome	Plant_species	Ligand	Ligand_sequence	Receptor	Receptor_sequence
False Positive	Weakly Immunogenic	Immunogenic	Arabidopsis thaliana	elf18	SKEKFERTKPHVNVGTIG	EFR	LTGVISPSIGNLSFLRLLNLADNSFGSTIPQKVGRLFRLQYLNMSYNLLEGRIPSSLSNCSRLSTVDLSSNHLGHGVPSELGSLSKLAILDLSKNNLTGNFPASLGNLTSLQKLAFAYNQMRGEIPDEVARLTQMVFFQIALNSFSGGFPPALYNISSLESLSLADNSFSGNLRADFGYLLPNLRRLLLGTNQFTGAIPKTLANISSLERFDISSNYLSGSIPLSFGKLRNLWWLGIRNNSLGNNSSSGLEFIGAVANCTQLEYLDVGYNRLGGELPASIANLSTTLTSLFLGQNLISGTIPHDIGNLVSLQELSLETNMLSGELPVSFGKLLNLQVVDLYSNAISGEIPSYFGNMTRLQKLHLNSNSFHGRIPQSLGRCRYLLDLWMDTNRLNGTIPQEILQIPSLAYIDLSNNFLTGHFPEEVGKLELLVGLGASYNKLSGKMPQAIGGCLSMEFLFMQGNSFDGAIPDISRLVSLKNVDFSNNNLSGRIPRYLASLPSLRNLNLSMNKFEGRVPTTGVFRNATAVSVFGNTNI
False Positive	Non-Immunogenic	Immunogenic	Vigna unguiculata	In11	ICDINGVCVDA	INR	DDFSTDNLPYLFGNTTKLHYLDLSYNYDLVVHDLHWISPLTSLQYLNLGGVYIHKDIDWLQSVTMLPSLEELHLVSCQLENLYPFLHYANFTSLQVLNLAHNNFVSEFPTWLFNLSSGISHIDLSQNQIHSQLPKTLPCFRSLKSLVLSQNYLKGTIPDWLGQLEQLQELDLSHNFLSGSIPTSLGNLSSLTILILESNEYNGSLPDDLGKLFNLETLRVAANSLTGIVSERNLLSFQNLRELSLSSPGFDFDFNSEWVPPFQLKHIRLGYVRNKFPAWLFKHSSLKYLAIGDSNASFEPLDKFWKFATQLEFISLERNTINGDMSNVVLNSKVVWLVGNNLGGFVPRITPEVVVLHLRNNSLSGSISTMLCQNMTNKSNLVHLNLAYNNLSGELTDCWNNWDSLVLINLGHNNLKGEIPNSMGSLSNLRCLSVGNNMLSGEVPLSLKKCHNLSIFDVGHNNLSGVLPSRFGENIKGLKLGSNQFSGTIPTQICELHSLMVVDFSSNRLSGSIPDCLHNITTMVANYASNRRVGFILNFPGFSVTVVTSVQILIKGNELSYVYLMNV
False Positive	Non-Immunogenic	Immunogenic	Arabidopsis thaliana	scoop	PVRSSQASQAGGR	MIK2	LPNLTFVDLSMNRFSGTISPLWGRFSKLEYFDLSINQLVGEIPPELGDLSNLDTLHLVENKLNGSIPSEIGRLTKVTEIAIYDNLLTGPIPSSFGNLTKLVNLYLFINSLSGSIPSEIGNLPNLRELCLDRNNLTGKIPSSFGNLKNVTLLNMFENQLSGEIPPEIGNMTALDTLSLHTNKLTGPIPSTLGNIKTLAVLHLYLNQLNGSIPPELGEMESMIDLEISENKLTGPVPDSFGKLTALEWLFLRDNQLSGPIPPGIANSTELTVLQLDTNNFTGFLPDTICRGGKLENLTLDDNHFEGPVPKSLRDCKSLIRVRFKGNSFSGDISEAFGVYPTLNFIDLSNNNFHGQLSANWEQSQKLVAFILSNNSITGAIPPEIWNMTQLSQLDLSSNRITGELPESISNINRISKLQLNGNRLSGKIPSGIRLLTNLEYLDLSSNRFSSEIPPTLNNLPRLYYMNLSRNDLDQTIPEGLTKLSQLQMLDLSYNQLDGEISSQFRSLQNLERLDLSHNNLSGQIPPSFKDMLALTHVDVSHNNLQGPIPDNAAFRNAPPDAFEGNKDLCG
False Positive	Weakly Immunogenic	Immunogenic	Arabidopsis thaliana	scoop	KITVKVSRSPPAKGW	MIK2	LPNLTFVDLSMNRFSGTISPLWGRFSKLEYFDLSINQLVGEIPPELGDLSNLDTLHLVENKLNGSIPSEIGRLTKVTEIAIYDNLLTGPIPSSFGNLTKLVNLYLFINSLSGSIPSEIGNLPNLRELCLDRNNLTGKIPSSFGNLKNVTLLNMFENQLSGEIPPEIGNMTALDTLSLHTNKLTGPIPSTLGNIKTLAVLHLYLNQLNGSIPPELGEMESMIDLEISENKLTGPVPDSFGKLTALEWLFLRDNQLSGPIPPGIANSTELTVLQLDTNNFTGFLPDTICRGGKLENLTLDDNHFEGPVPKSLRDCKSLIRVRFKGNSFSGDISEAFGVYPTLNFIDLSNNNFHGQLSANWEQSQKLVAFILSNNSITGAIPPEIWNMTQLSQLDLSSNRITGELPESISNINRISKLQLNGNRLSGKIPSGIRLLTNLEYLDLSSNRFSSEIPPTLNNLPRLYYMNLSRNDLDQTIPEGLTKLSQLQMLDLSYNQLDGEISSQFRSLQNLERLDLSHNNLSGQIPPSFKDMLALTHVDVSHNNLQGPIPDNAAFRNAPPDAFEGNKDLCG
False Positive	Non-Immunogenic	Immunogenic	Arabidopsis thaliana	flg22	QRLSTGMRVNSAQDDAAAYASA	FLS2	LTYLQVLDLTSNSFTGKIPAEIGKLTELNQLILYLNYFSGSIPSGIWELKNIFYLDLRNNLLSGDVPEEICKTSSLVLIGFDYNNLTGKIPECLGDLVHLQMFVAAGNHLTGSIPVSIGTLANLTDLDLSGNQLTGKIPRDFGNLLNLQSLVLTENLLEGDIPAEIGNCSSLVQLELYDNQLTGKIPAELGNLVQLQALRIYKNKLTSSIPSSLFRLTQLTHLGLSENHLVGPISEEIGFLESLEVLTLHSNNFTGEFPQSITNLRNLTVLTVGFNNISGELPADLGLLTNLRNLSAHDNLLTGPIPSSISNCTGLKLLDLSHNQMTGEIPRGFGRMNLTFISIGRNHFTGEIPDDIFNCSNLETLSVADNNLTGTLKPLIGKLQKLRILQVSYNSLTGPIPREIGNLKDLNILYLHSNGFTGRIPREMSNLTLLQGLRMYSNDLEGPIPEEMFDMKLLSVLDLSNNKFSGQIPALFSKLESLTYLSLQGNKFNGSIPASLKSLSLLNTFDISDNLLTGTIPGELLASLKNMQLYLNFSNNLLTGTIPKELGKLEMVQEIDLSNNLFSGSIPRSLQACKNVFTLDFSQNNLSGHIPDEVFQGMDMIISLNLSRNSFSGEIPQSFGNMTHLVSLDLSSNNLTGEIPESLANLSTLKHLKLASNNLKGHVPESGVFKNINASDLMGNTDLCGSKKPLKPCTIKQKSSHFSKRTR
False Positive	Weakly Immunogenic	Immunogenic	Solanum lycopersicum	flgII-28	ESTNILQRMRELVVQSRNDSNSSTDRDA	FLS3	ANLSFLIELNLANNNLHSEIPDGIGRLPRLRVIDIQNNQLHGSIPTSLFQHGSVQIISLAFNKLGGEMWNGTWYVPELRVLNLRNNTITGVIPPSIGNATKLMNFSLNGNRINGNIPMEIGNLSQLVELSLSRNQLTGSIPSTLFNISSLLVVSLAYNSLSGPLFPDDRRNVLSSNLEHIGVSYNQITGHIPSNICQFTALRVLSISYNNITGEIPRNIGCLAKLEEFYIGYNAINGTIPASLGNISTLQNLHCGSNHMEGELPPELGKLSNLRQINFEENYNLIGEIPNTIFNISSLEFIAFTFNYLSGRIPNLLHLPNLIQLLLANNQLEGEIPRYITNATNLELLELSDNLLTGTIPNDLGNLRELRDLFLHHNQLTELGFFDSLVKCRMLRYVQVGSNPLNDVLPSSIGNLSSTVEYFHIGDAQINGFIPTSTGNMTGLTTLVFQDNSLTGNIPREIRKLKQLQGLFLVNNGLQGDIAEVVCDLSNLVRLALSENELSGVIPECLGNLTMLQQLFLGSNKFESKLPLSFWKMSSLLYLNMSRNSIKGEVPSDIGELKAIVAIDISGNHFSGSIPSNLGELQTLKLLSLSNNSFSGPIPFSFSNLKSLEFLDLSLNNLSGTIPKSFEKLLYLTSINVSFNVLEGEIPSGGVFANSTL
False Positive	Weakly Immunogenic	Immunogenic	Arabidopsis thaliana	nlp	GSGYGSQVYGRVATYNGVYAIMYSWYFPKD	RLP23	AVAVLQLRKCLSGTLKSNSSLFGFHQLRYVDLQNNNLTSSSLPSGFGNLKRLEGLFLSSNGFLGQVPSSFSNLTMLAQLDLSYNKLTGSFPLVRGLRKLIVLDLSYNHFSGTLNPNSSLFELHQLRYLNLAFNNFSSSLPSKFGNLHRLENLILSSNGFSGQVPSTISNLTRLTKLYLDQNKLTSSFPLVQNLTNLYELDLSYNKFFGVIPSSLLTLPFLAHLALRENNLAGSVEVSNSSTSSRLEIMYLGSNHFEGQILEPISKLINLKHLDLSFLNTSYPIDLKLFSSLKSLRSLDLSGNSISSASLSSDSYIPLTLEMLTLRHCDINEFPNILKTLKELVYIDISNNRMKGKIPEWLWSLPLLQSVTLGNNYFTGFQGSAEILVNSSVLLLYLDSNNFEGALPDLPLSIKGFGVASNSFTSEIPLSICNRSSLAAIDLSYNNFTGPIPPCLRNLELVYLRNNNLEGSIPDALCDGASLRTLDVSHNRLTGKLPRSFVNCSSLKFLSVINNRIEDTFPFWLKALPNLQVLTLRSNRFYGPISPPHQGPLGFPELRIFEISDNKFTGSLPPNYFVNWKASSRTMNQDGGLYMVYEEKLFDEGGYGYTDALDLQYKGLHMEQAKA
False Positive	Weakly Immunogenic	Non-Immunogenic	Solanum raphanifolium	pep-25	DVTAGAEVWNQAVRGFKVYEQTEMT	PERU	TGTIPRDLGNLTFLISLDLGSNNFHGNLPQEIARLSRLKFLDLSFNKFRGEIPSWFGFLERLQVLNLRSNSFTGFIPPSLSNASRLETLEISANLLEGNIPEEIGNLHNLNWLSIKHNQLTGSIPFTIFNISSIEVIAFTNNSLSGNLPNGLCNGLPILKELLLSVNKLHGHMPKSLSNCSQLQKLSLSGNDFDGPIHSEIGRLRNLQILYLGANHFTGIIPQEIGNLVNLMKLGVEINQITSSIPISIFNISSLQEVSLWKNNLKGSLPREIGNLTKMQFLYLEENRFTGEIPKEIRNLVELEELNLELNSFSGSLPMEIFNISRLRIMSLSANNLSGTLPPNIGSTLPNIEELYLHGLTNLVGTIPHSISNCSKLNNLELSQNKLTGLIPNSLGYLTHLHYLNLQRNNLTSDSFLSFLTSLTNCRNLTSLYLSFNPLNAMLPVSVGNFSISLIKFDANACNIKGKIPNEVGNLSNLLDLDLSDNNLIGSIPTSIHNLRSLQRLDLSNNKLTGFIGDNLCKLQHLGDIYLGQNQLSGALPNCLGNITSLRFLHLDSNKLSSNIPTSLGNLKDLIKLHLSSNNMVGSLPPEIGGLQNLVHLSLRHNKLQGSIPDSVSNMVGLEFLDISHNNISGSIPMSMEKLQNLKYFNVSVNKLYGEIPSGGPFKNLSSQFFIDNEALCGSSRFSVPPCATSSKHRSNRKRMLVLFLVL
False Positive	Non-Immunogenic	Immunogenic	Vitis riparia	flg22	ERLSSGLAINSAKDNAAGSGIV	FLS2	QISPFLGNISILQVLDLSSNSFTGHIPPQLGLCSQLLELNLFQNSLSGSIPPELGNLRNLQSLDLGSNFLEGSIPKSICNCTALLGLGIIFNNLTGTIPTDIGNLANLQILVLYSNNIIGPIPVSIGKLGDLQSLDLSINQLSGVMPPEIGNLSNLEYLQLFENRLSGKIPSELGQCKKLIYLNLYSNQFTGGIPSELGNLVQLVALKLYKNRLNSTIPSSLFQLKYLTHLGISENELIGTIPSELGSLRSLQVLTLQLNKFTGKIPAQITNLTNLTYLSMDFNFLTGELPSNIGSLHRLKNLTLNNNLLEGSIPSSITNCTHLVVIGLAYNMITGEIPQGLGQLPNLTFLSFGVNKMSGNIPDDLFNCSNLIILDLAKNNFSGVLKPGIGKLYNLHIFQAHKNSLVGPIPPEIGNLSQLFSLQLNGNSLSGTVPPELSKLSPLQGLYLDDNALEGAIPEEIFELKHLSELGLGDNRFAGHIPHAVSKLESLLNLYLNGNVLNGSIPASMARLSRLAILDLSHNHLVGSIPGPVIASMKNMQIYLNFSHNFLSGPIPDEIGKLEMVQIVDMSNNNLSGSIPETLQGCRNLFNLDLSVNELSGPVPEKAFAQMDVLTSLNLSRNNLNGGLPGSLANMKNLSSLDLSQNKFKGMIPESYANISTLKQLNLSFNQLEGRVPETGIFKNVSASSLVGNPGLCGTKFLGSCRNKSH
False Positive	Non-Immunogenic	Immunogenic	Vitis riparia	flg22	ERLSSGLAINSAKDNAAGSGIV	FLS2	LGNLSKLQVLDLTLNTFTGQIPPQLGLCSQLSELILYQNSLAGPIPQELGILGNLQSLDLGANFLEGSIPESICNCTGLLNLGIDNNNLSGAIPSDIGRLDNLQVFTGYRNNLVGSIPVSIGTLGALQVLDLSTNHLSGVLPPEMGNLSNLETLQLLENRLHGKIPPELGLCRKLTTLNLYGNQFSGGIPSELGNLVHLKALRLYKNRLSSTIPSSLFQLKSLVHLGISENELSGTIPFEVGSLRSLQALTLQLNKFTGQIPSSITNLTNLTYLSMDFNFFTGDIPSNIGSLYRLKNLTLNNNLLQGSVPSSISNCTRLVVLGLAYNRITGRIPQGLGRLANLIFLSFGKNQMSGNIPDDLFNCSNLIILDLAKNNFSGVLKPGIGKLYNLHIFQAHKNSLVGPIPPEIGNLSQLFSLKLHLNSLSGTVPPELSKLSLLQGLYLNDNALEGALPEVIFELKQLSDLGLGNNRFAGPIPHAISKLESLLYLTLHGNLFNGSIPTSMGHLSRLATLDLSHNHLVGSIPGPVIAGMKNMQIYLNFSHNFLSGPIPNELGKLEMVQIVDMSNNNLSGSIPATLQRCKNLFNIDLSVNQLSGTIPEKAFAGMDVLTSLNLSRNNLDGRLPGSLAIMKNLSSLDLSQNKFKGMIPESYANISTLRHLNLSFNQLEGHVPATGIFKNIGASSLVGNPGLCGTKFLGSCSNKSHLAGSHPF
False Positive	Weakly Immunogenic	Non-Immunogenic	Glycine max	flg22	QRLSTGLRVNSAQDDSAAYAAS	FLS2	GEISPFLGNISGLQVFDVTSNSFSGYIPSQLSLCTQLTQLILVDNSLSGPIPPELGNLKSLQYLDLGNNFLNGSLPDSIFNCTSLLGIAFNFNNLTGRIPANIGNPVNLIQIAGFGNSLVGSIPLSVGQLAALRALDFSQNKLSGVIPREIGNLTNLEYLELFQNSLSGKVPSELGKCSKLLSLELSDNKLVGSIPPELGNLVQLGTLKLHRNNLNSTIPSSIFQLKSLTNLGLSQNNLEGTISSEIGSMNSLQVLTLHLNKFTGKIPSSITNLTNLTYLSMSQNLLSGELPSNLGALHDLKFLVLNSNCFHGSIPSSITNITSLVNVSLSFNALTGKIPEGFSRSPNLTFLSLTSNKMTGEIPNDLYNCSNLSTLSLAMNNFSGLIKSDIQNLSKLIILQLNGNSFIGPIPPEIGNLNQLVTLSLSENTFSGQIPPELSKLSHLQGISLYDNELQGTIPDKLSELKELTELLLHQNKLVGQIPDSLSKLEMLSYLDLHGNKLNGSIPRSMGKLNHLLALDLSHNQLTGIIPGDVIAHFKDIQMYLNLSYNHLVGNVPTELGMLGMIQAIDISNNNLSGFIPKTLAGCRNLFNLDFSGNNISGPIPAEAFSHMDLLESLNLSRNHLKGEIPEILAELDRLSSLDLSQNDLKGTIPEGFANLSNLVHLNLSFNQLEGHVPKTGIFAHINASSIVGNRD
False Positive	Non-Immunogenic	Immunogenic	Vigna unguiculata	In11	ICDINGVCVDR	INR	DDFSTDNLPYLFGNTTKLHYLDLSYNYDLVVHDLHWISPLTSLQYLNLGGVYIHKDIDWLQSVTMLPSLEELHLVSCQLENLYPFLHYANFTSLQVLNLAHNNFVSEFPTWLFNLSSGISHIDLSQNQIHSQLPKTLPCFRSLKSLVLSQNYLKGTIPDWLGQLEQLQELDLSHNFLSGSIPTSLGNLSSLTILILESNEFNGSLPDDLGKLFNLETLRVAANSLTGIVSERNLLSFQNLRELSLSSPGLDFDFNSEWVPPFQLKHIRLGYVRNKFPAWLFKHSSLKYLAIGDSNASFEPLDKFWKFATQLEFISLERNTINGDMSNVVLNSKVVWLVGNNLGGFVPRITPEVVVLHLRNNSLSGSISTMLCQNMTNKSNLVHLNLAYNNLSGELTDCWNNWDSLVLINLGHNNLKGEIPNSMGSLSNLRCLSVGNNMLSGEVPLSLKKCHNLSIFDVGHNNLSGVLPSRFGENIKGLKLGSNQFSGTIPTQICELHSLMVMDFSSNRLSGSIPDCLHNITTMVANYASNRRVGFILNFPGFSVTVVTSVQILIKGNELSYVYLMNVI
False Positive	Weakly Immunogenic	Immunogenic	Arabidopsis thaliana	flg22	QPLSTGSRINSAKDDAAGLQIA	FLS2	LTYLQVLDLTSNSFTGKIPAEIGKLTELNQLILYLNYFSGSIPSGIWELKNIFYLDLRNNLLSGDVPEEICKTSSLVLIGFDYNNLTGKIPECLGDLVHLQMFVAAGNHLTGSIPVSIGTLANLTDLDLSGNQLTGKIPRDFGNLLNLQSLVLTENLLEGDIPAEIGNCSSLVQLELYDNQLTGKIPAELGNLVQLQALRIYKNKLTSSIPSSLFRLTQLTHLGLSENHLVGPISEEIGFLESLEVLTLHSNNFTGEFPQSITNLRNLTVLTVGFNNISGELPADLGLLTNLRNLSAHDNLLTGPIPSSISNCTGLKLLDLSHNQMTGEIPRGFGRMNLTFISIGRNHFTGEIPDDIFNCSNLETLSVADNNLTGTLKPLIGKLQKLRILQVSYNSLTGPIPREIGNLKDLNILYLHSNGFTGRIPREMSNLTLLQGLRMYSNDLEGPIPEEMFDMKLLSVLDLSNNKFSGQIPALFSKLESLTYLSLQGNKFNGSIPASLKSLSLLNTFDISDNLLTGTIPGELLASLKNMQLYLNFSNNLLTGTIPKELGKLEMVQEIDLSNNLFSGSIPRSLQACKNVFTLDFSQNNLSGHIPDEVFQGMDMIISLNLSRNSFSGEIPQSFGNMTHLVSLDLSSNNLTGEIPESLANLSTLKHLKLASNNLKGHVPESGVFKNINASDLMGNTDLCGSKKPLKPCTIKQKSSHFSKRTR
False Positive	Weakly Immunogenic	Immunogenic	Solanum lycopersicum	crip21	NCGNSGCCGGYYSNGQCKRCC	CuRe1	KSLQVLLLSSQNIIGWTKNEGFSKLRQLPNLKEVDLQYNPIDPKVLLSSLCWISSLEVLKLGVDVDTSFSIPMTYNTNMMSKKCGGLSNLRELWFEGYEINDINILSALGELRNLEKLILDDNNFNSTIFSSLKIFPSLKHLNLAANEINGNVEMNDIIDLSNLEYLDLSDNNIHSFATTKGNKKMTSLRSLLLGSSYSNSSRVIRSLKSFSSLKSLSYKNSNLTSPSIIYALRNLSTVEYLYFKGSSLNDNFLPNIGQMTSLKVLNMPSGGNNGTLPNQGWCELKYIEELDFLNNNFVGTLPLCLGNLTSLRWLSLAGNNLHGNIASHSIWRRLTSLEYLDIADNQFDVPLSFSQFSDHKKLIYLNVGYNTIITDTEYQNWIPNFQLEFFAIQRCIALQKLPSFLHYQYDLRILAIEGNQLQGKFPTWLLENNTRLAAIYGRDNAFSGPLKLPSSVHLHLEAVDVSNNKLNGHIPQNMSLAFPKLLSLNMSHNHLEGPIPSKISGIYLTILDLSVNFLSGEVPGDLAVVDSPQLFYLRLSNNKLKGKIFSEEFRPHVLSFLYLNDNNFEGALPSNVFLSSLITLDASRNNFSGEIPGCTRDNRRLLQLDLSKNHLQGLIPVEICNLKIINVLAISENKISGSIPSCVSSLPLKHIHLQKNQLGGELGHVIFNFSSLITLDLRYNNFAGNIPYTIGSLSNLNYLLLSNNKLEGDIPT
False Positive	Weakly Immunogenic	Non-Immunogenic	Fagus crenata	flg22	QRLSTGLRVNSAQDDSAAYAAS	FLS2	QLKGEITPFLGNLSSLQVLDLTLNTFTGHIPAQLGLCSQLSELTLYENSLSGPIPPELGNLKNLQSVDLGSNFLNGSIPESICNCTSLLAFGVIFNNLAGIIPSNIGNLANLQIFLVYGNNLVGSIPVSIGRLESLQALDLSQNQFSGVIPPQIGNFSNLEYLLLFENSFVGKIPSELGRCKKLVALELYTNQFTGGIPFEIGNLVHLETLRLYNNKLNSTIPASLLQLKSLTHLGLSENELTGIIPSELGSLRSLVVLTLHSNKFSGEIPSSLTNLTNLTQLSMSFNFLTGKLPSDIGLLYNLKNLTMNNNLLEGTIPSSIKNCTHLLVVGLSRNKITGKIPWGFQQLLNLTFLSLSYNKMSDEIPDDLFNCSNLRILDLTLNFFSGPIKSGIGKLSNLQILRVHTNSFIGPIPPDMGNLSKLISLSLGQNSLSGLVPSELSKLSLLQGLYLNDNALEGAIPEKIFEVKQLSEVALQNNRFKGPIPDAVSKLEQLSYLDLHGNMLNGSILRSMEHLNKLMTLDLSHNHLTGSIPSLVIASMKTMQIYLNLSYNFLVGTIPDELGTLETVQAIDISNNNLSGIIPKTLRGCRNLFSLDLSGNKLSGPIPAEALTQMDLLTSLNLSRNKLDSGLPEDLASLKHLISLDLSQNQLKGI
False Positive	Non-Immunogenic	Immunogenic	Arabidopsis thaliana	flg22	QRLSTGLRVNSAQDDSAGLQAS	FLS2	LTYLQVLDLTSNSFTGKIPAEIGKLTELNQLILYLNYFSGSIPSGIWELKNIFYLDLRNNLLSGDVPEEICKTSSLVLIGFDYNNLTGKIPECLGDLVHLQMFVAAGNHLTGSIPVSIGTLANLTDLDLSGNQLTGKIPRDFGNLLNLQSLVLTENLLEGDIPAEIGNCSSLVQLELYDNQLTGKIPAELGNLVQLQALRIYKNKLTSSIPSSLFRLTQLTHLGLSENHLVGPISEEIGFLESLEVLTLHSNNFTGEFPQSITNLRNLTVLTVGFNNISGELPADLGLLTNLRNLSAHDNLLTGPIPSSISNCTGLKLLDLSHNQMTGEIPRGFGRMNLTFISIGRNHFTGEIPDDIFNCSNLETLSVADNNLTGTLKPLIGKLQKLRILQVSYNSLTGPIPREIGNLKDLNILYLHSNGFTGRIPREMSNLTLLQGLRMYSNDLEGPIPEEMFDMKLLSVLDLSNNKFSGQIPALFSKLESLTYLSLQGNKFNGSIPASLKSLSLLNTFDISDNLLTGTIPGELLASLKNMQLYLNFSNNLLTGTIPKELGKLEMVQEIDLSNNLFSGSIPRSLQACKNVFTLDFSQNNLSGHIPDEVFQGMDMIISLNLSRNSFSGEIPQSFGNMTHLVSLDLSSNNLTGEIPESLANLSTLKHLKLASNNLKGHVPESGVFKNINASDLMGNTDLCGSKKPLKPCTIKQKSSHFSKRTR
False Positive	Weakly Immunogenic	Immunogenic	Solanum lycopersicum	csp22	PTGTVKWFDHSKGFGFIHPDDG	CORE	PSIGNLSFLNVLKLQNNSFSGEIPSEIGYLHKLNVLRLDNNSFTGHIPSNISGCFNLVSVGLSYNMMVGEIPAELGTLLRLKQLSLVSNSLTGGIPPSFGNLSLLDTFSASKNNLLGKIPDELCQLLNLKYFVVNENNLSSTLPPCLFNLSSIVAIDVGTNHLEGQLPPLLGITLPKLEFLSIYRNNVTGNIPGTLSNATNLQSLIAGRNGLTGKVPPLGNLLKMRRFLVAFNDLGKEEADDLSFLSTLVNATNLELVELNTNNFGGVLPASVSNLSTELIELSLSYNQVSGEIPRGISNLKKLQAFFVAYNRFIGEIPSEIGDLMYLQELALLGNQFSGQIPISLGNLASLTKLTLRENNLQGRIPSSLGKCDKLELLDLGSNNLSGFIPSEILELSSLSEGVDLSQNHLTGFLPMGIGKLRNLGYLNLSYNKLQGQIPTTIGTCVKLEALDLNNNNFQGSIPSTMNNLRGLEFLVLSHNNLSGGIPGFLKDFKFLQILNLSSNNLEGAVPTGGIFSNATAVSIIGNKN
False Positive	Weakly Immunogenic	Immunogenic	Arabidopsis thaliana	nlp	AIAYAWYFPKDSPMLLMGHRHDWE	RLP23	AVAVLQLRKCLSGTLKSNSSLFGFHQLRYVDLQNNNLTSSSLPSGFGNLKRLEGLFLSSNGFLGQVPSSFSNLTMLAQLDLSYNKLTGSFPLVRGLRKLIVLDLSYNHFSGTLNPNSSLFELHQLRYLNLAFNNFSSSLPSKFGNLHRLENLILSSNGFSGQVPSTISNLTRLTKLYLDQNKLTSSFPLVQNLTNLYELDLSYNKFFGVIPSSLLTLPFLAHLALRENNLAGSVEVSNSSTSSRLEIMYLGSNHFEGQILEPISKLINLKHLDLSFLNTSYPIDLKLFSSLKSLRSLDLSGNSISSASLSSDSYIPLTLEMLTLRHCDINEFPNILKTLKELVYIDISNNRMKGKIPEWLWSLPLLQSVTLGNNYFTGFQGSAEILVNSSVLLLYLDSNNFEGALPDLPLSIKGFGVASNSFTSEIPLSICNRSSLAAIDLSYNNFTGPIPPCLRNLELVYLRNNNLEGSIPDALCDGASLRTLDVSHNRLTGKLPRSFVNCSSLKFLSVINNRIEDTFPFWLKALPNLQVLTLRSNRFYGPISPPHQGPLGFPELRIFEISDNKFTGSLPPNYFVNWKASSRTMNQDGGLYMVYEEKLFDEGGYGYTDALDLQYKGLHMEQAKA
False Positive	Weakly Immunogenic	Non-Immunogenic	Salix babylonica	flg22	DRISSGLKVGSASDNAAYWSIA	FLS2	ISPFLGNLSGLQVLDLTSNSFEGHIPPQLGLCSQLIKLVLYDNSFSGRIPVELGDLRKLQTLDLGGNYLNGSIPESLCDCTSMLQFGVISNNLTGIIPEKIGNLVNLQLFVAYGNNLIGSIPVSIGRLQALQALDFSQNQLSGIIPREIGNLSNLEYLLLFENSLVGNIPSELGRCEKLVELDLYLNQFSGVIPPELGNLINLEKLRLTQNRLNSTIPLSLFQLKSLTHLGLSNNMLTGGIAPEVGSLRSLLVLTLHSNNFTGEIPASITNLSNLTYLSLGDNFLTGEIPSNIGMLYNLKNLSLPHNLLEGSIPKTITNCTQLLYIDLSFNRITGKLPQGLGQLYNLTRLSLGANQMSGEIPEELYNCSNLIILSLAENNFSGMLEPGIGKLYNLQILKSGFNSLVGPIPPEIGNLTQLFFLSLPGNSFSGHIPPELSKLTLLQGLALHSNALEGPIPENIFGLTRLTVLLLGLNRFTGPISTSISKLEMLSVLDLHGNLLNGSIPTSMEHLNRLMSLDLSHNHLTGSIPGSVMAKMKSMQIFLNLSYNLLDGNIPLELGMLDGVQAIDLANNNLSGIIPKTLAGCRNLFSLDLSGNRLTGSIPAEALVQMSMLSLMNLSGNDLNGQIPEKLAELKHLSTLDLSKNQLDGIIPYSFGNLSSLKHLNLSFNNLEGRVPESGLFKSISSSSLVGNPSL
False Positive	Non-Immunogenic	Immunogenic	Cajanus cajan	flg22	QRLSTGSRINSAKDDAAGLQIA	FLS2	NLHFLEVMVISGTKHITGPIPSSFSNLTRLTQLVLEDNSLGGCIPPSLGRLSLLQTLSLSGNHLKGQIPPTLGGLRNLIQLNLARNSLTGPIPLSFKTLVNLQYLDVSYNLLSSTIPDFVGEFKNLTYLDLSSNLLTGKIPISLFGLVNLLDLSLGYNKLAGNIPDQVGNLKSLTSLQLSGNLLTGHIPLSISRLQNLWYLNVSRNCLSDPLPAIPIKGIPALLSIDLSYNNLSLGSVPDWIRSKQLKDVHLAGCKLKGDLPHFTRPDSLSSIDLSDNYLVDGISNFFTNMSSLQKVKLSNNQLRFDISKIKLPSELSSIDLHANLLVGSSLSTIINNMTSSSLEVIDVSNNFISGHIPEFVEGSSLKVLNLGSNNISGPIPISISNLVELERLDISRNHVVGTIPSSLGQLLKLLWLDVSINKLTGQIPSSFSQITGLKHASFRANRLCGEIPQTRPFNI
False Positive	Weakly Immunogenic	Immunogenic	Arabidopsis thaliana	nlp	AIMYSWYFPKDSPVAGLGHR	RLP23	AVAVLQLRKCLSGTLKSNSSLFGFHQLRYVDLQNNNLTSSSLPSGFGNLKRLEGLFLSSNGFLGQVPSSFSNLTMLAQLDLSYNKLTGSFPLVRGLRKLIVLDLSYNHFSGTLNPNSSLFELHQLRYLNLAFNNFSSSLPSKFGNLHRLENLILSSNGFSGQVPSTISNLTRLTKLYLDQNKLTSSFPLVQNLTNLYELDLSYNKFFGVIPSSLLTLPFLAHLALRENNLAGSVEVSNSSTSSRLEIMYLGSNHFEGQILEPISKLINLKHLDLSFLNTSYPIDLKLFSSLKSLRSLDLSGNSISSASLSSDSYIPLTLEMLTLRHCDINEFPNILKTLKELVYIDISNNRMKGKIPEWLWSLPLLQSVTLGNNYFTGFQGSAEILVNSSVLLLYLDSNNFEGALPDLPLSIKGFGVASNSFTSEIPLSICNRSSLAAIDLSYNNFTGPIPPCLRNLELVYLRNNNLEGSIPDALCDGASLRTLDVSHNRLTGKLPRSFVNCSSLKFLSVINNRIEDTFPFWLKALPNLQVLTLRSNRFYGPISPPHQGPLGFPELRIFEISDNKFTGSLPPNYFVNWKASSRTMNQDGGLYMVYEEKLFDEGGYGYTDALDLQYKGLHMEQAKA
False Positive	Non-Immunogenic	Immunogenic	Arabidopsis thaliana	flg22	QRLSTGSRINSAKDDAAGLQIA	FLS2	IANLTYLQVLDLTSNSFTGKIPAEIGKLTELNQLILYLNYFSGSIPSGIWELKNIFYLDLRNNLLSGDVPEEICKTSSLVLIGFDYNNLTGKIPECLGDLVHLQMFVAAGNHLTGSIPVSIGTLANLTDLDLSGNQLTGKIPRDFGNLLNLQSLVLTENLLEGDIPAEIGNCSSLVQLELYDNQLTGKIPAELGNLVQLQALAIYKNKLTSSIPSSLFRLTQLTALGLSENHLVGPISEEIGFLESLEVLTLHSNNFTGEFPQSITNLRNLTVLTVGFNNISGELPADLGLLTNLRNLSAHDNLLTGPIPSSISNCTGLKLLDLSHNQMTGEIPRGFGRMNLTFISIGRNHFTGEIPDDIFNCSNLETLSVADNNLTGTLKPLIGKLQKLRILQVSYNSLTGPIPREIGNLKDLNILYLHSNGFTGRIPREMSNLTLLQGLRMYSNDLEGPIPEEMFDMKLLSVLDLSNNKFSGQIPALFSKLESLTYLSLQGNKFNGSIPASLKSLSLLNTFDISDNLLTGTIPGELLASLKNMQLYLNFSNNLLTGTIPKELGKLEMVQEIDLSNNLFSGSIPRSLQACKNVFTLDFSQNNLSGHIPDEVFQGMDMIISLNLSRNSFSGEIPQSFGNMTHLVSLDLSSNNLTGEIPESLANLSTLKHLKLASNNLKGHVPESGVFKNINASDLMGNTDLCGSKKPLKPCTI
False Positive	Weakly Immunogenic	Immunogenic	Arabidopsis thaliana	flg22	QRLSTGSRINSAKDDAGLQIA	FLS2	LTYLQVLDLTSNSFTGKIPAEIGKLTELNQLILYLNYFSGSIPSGIWELKNIFYLDLRNNLLSGDVPEEICKTSSLVLIGFDYNNLTGKIPECLGDLVHLQMFVAAGNHLTGSIPVSIGTLANLTDLDLSGNQLTGKIPRDFGNLLNLQSLVLTENLLEGDIPAEIGNCSSLVQLELYDNQLTGKIPAELGNLVQLQALRIYKNKLTSSIPSSLFRLTQLTHLGLSENHLVGPISEEIGFLESLEVLTLHSNNFTGEFPQSITNLRNLTVLTVGFNNISGELPADLGLLTNLRNLSAHDNLLTGPIPSSISNCTGLKLLDLSHNQMTGEIPRGFGRMNLTFISIGRNHFTGEIPDDIFNCSNLETLSVADNNLTGTLKPLIGKLQKLRILQVSYNSLTGPIPREIGNLKDLNILYLHSNGFTGRIPREMSNLTLLQGLRMYSNDLEGPIPEEMFDMKLLSVLDLSNNKFSGQIPALFSKLESLTYLSLQGNKFNGSIPASLKSLSLLNTFDISDNLLTGTIPGELLASLKNMQLYLNFSNNLLTGTIPKELGKLEMVQEIDLSNNLFSGSIPRSLQACKNVFTLDFSQNNLSGHIPDEVFQGMDMIISLNLSRNSFSGEIPQSFGNMTHLVSLDLSSNNLTGEIPESLANLSTLKHLKLASNNLKGHVPESGVFKNINASDLMGNTDLCGSKKPLKPCTIKQKSSHFSKRTR
False Positive	Weakly Immunogenic	Non-Immunogenic	Arabidopsis thaliana	scoop	GVGASNSGHSPGA	MIK2	LPNLTFVDLSMNRFSGTISPLWGRFSKLEYFDLSINQLVGEIPPELGDLSNLDTLHLVENKLNGSIPSEIGRLTKVTEIAIYDNLLTGPIPSSFGNLTKLVNLYLFINSLSGSIPSEIGNLPNLRELCLDRNNLTGKIPSSFGNLKNVTLLNMFENQLSGEIPPEIGNMTALDTLSLHTNKLTGPIPSTLGNIKTLAVLHLYLNQLNGSIPPELGEMESMIDLEISENKLTGPVPDSFGKLTALEWLFLRDNQLSGPIPPGIANSTELTVLQLDTNNFTGFLPDTICRGGKLENLTLDDNHFEGPVPKSLRDCKSLIRVRFKGNSFSGDISEAFGVYPTLNFIDLSNNNFHGQLSANWEQSQKLVAFILSNNSITGAIPPEIWNMTQLSQLDLSSNRITGELPESISNINRISKLQLNGNRLSGKIPSGIRLLTNLEYLDLSSNRFSSEIPPTLNNLPRLYYMNLSRNDLDQTIPEGLTKLSQLQMLDLSYNQLDGEISSQFRSLQNLERLDLSHNNLSGQIPPSFKDMLALTHVDVSHNNLQGPIPDNAAFRNAPPDAFEGNKDLCG
False Positive	Non-Immunogenic	Immunogenic	Arabidopsis thaliana	flg22	QKLSIASAINTTADDAAGSAVV	FLS2	LTYLQVLDLTSNSFTGKIPAEIGKLTELNQLILYLNYFSGSIPSGIWELKNIFYLDLRNNLLSGDVPEEICKTSSLVLIGFDYNNLTGKIPECLGDLVHLQMFVAAGNHLTGSIPVSIGTLANLTDLDLSGNQLTGKIPRDFGNLLNLQSLVLTENLLEGDIPAEIGNCSSLVQLELYDNQLTGKIPAELGNLVQLQALRIYKNKLTSSIPSSLFRLTQLTHLGLSENHLVGPISEEIGFLESLEVLTLHSNNFTGEFPQSITNLRNLTVLTVGFNNISGELPADLGLLTNLRNLSAHDNLLTGPIPSSISNCTGLKLLDLSHNQMTGEIPRGFGRMNLTFISIGRNHFTGEIPDDIFNCSNLETLSVADNNLTGTLKPLIGKLQKLRILQVSYNSLTGPIPREIGNLKDLNILYLHSNGFTGRIPREMSNLTLLQGLRMYSNDLEGPIPEEMFDMKLLSVLDLSNNKFSGQIPALFSKLESLTYLSLQGNKFNGSIPASLKSLSLLNTFDISDNLLTGTIPGELLASLKNMQLYLNFSNNLLTGTIPKELGKLEMVQEIDLSNNLFSGSIPRSLQACKNVFTLDFSQNNLSGHIPDEVFQGMDMIISLNLSRNSFSGEIPQSFGNMTHLVSLDLSSNNLTGEIPESLANLSTLKHLKLASNNLKGHVPESGVFKNINASDLMGNTDLCGSKKPLKPCTIKQKSSHFSKRTR
False Positive	Weakly Immunogenic	Non-Immunogenic	Solanum hondelmannii	pep-25	DVTAGAEVWNQAVRGFKVYEQTEMT	PERU	GRIPRDFGNLTFLVSLDLGSNNFHGNLPQEMVRLRRLKFLELSFNKFRGEIPSWFGFLKQLQVLNLQNNSFTGFIPPSLSNASRLETLQISANLLEGNIPEEIGNLHNLKLLYIRHNKLTGSIPFTIFNISSIQVIAFTNNRLSGNLPNGLCNGLPILKELLLSVNKLDGHMPKSLSNCSQLQKLSLSGNDFDGPIHSEIGRLSNLQILYLGANHFTGIIPQEIGNLVNLMELAVEINQITSSIPISIFNISSLQFVSLWRNNLKGSLPREIGNLTKMQFLYLEENRFTGEIPKEIRNLVELEELTLHFNSFSGSLPMEIFNISRLRIIALSNNNLSGTLPPNIGSTLPNIEELYLHGLTNLVGTIPHSISNCSKLNNLELSQNKLTGMIPNSLGHLTHLHYLNLRRNNLTSDSFLSFLTSLTNCRNLTSLYLSFNPLNAMLPVSVGNFSISLIKFDANACNIKGKIPNEVGNLSNLLVLQLSDNNLIGSIPTSILNLRSLQRLDLNNNKLTGFIGDNLCKLQNLGDIYLGQNQLSGSLPNCLGNVTSLRLIYLDSNKLSSNIPTSLGNLKDLIELDLSSNNMVGSLPPEIGGLQNLVHLSLRHNKLQGSIPDSVSNMVGLEFLDISHNNISGTIPMSMEKLQNLKYFNVSVNKLYGEIPSGGPFKNLSSQFF
False Positive	Weakly Immunogenic	Immunogenic	Solanum lycopersicum	csp22	AVGTVKWFNAEKGFGAITPDDG	CORE	PSIGNLSFLNVLKLQNNSFSGEIPSEIGYLHKLNVLRLDNNSFTGHIPSNISGCFNLVSVGLSYNMMVGEIPAELGTLLRLKQLSLVSNSLTGGIPPSFGNLSLLDTFSASKNNLLGKIPDELCQLLNLKYFVVNENNLSSTLPPCLFNLSSIVAIDVGTNHLEGQLPPLLGITLPKLEFLSIYRNNVTGNIPGTLSNATNLQSLIAGRNGLTGKVPPLGNLLKMRRFLVAFNDLGKEEADDLSFLSTLVNATNLELVELNTNNFGGVLPASVSNLSTELIELSLSYNQVSGEIPRGISNLKKLQAFFVAYNRFIGEIPSEIGDLMYLQELALLGNQFSGQIPISLGNLASLTKLTLRENNLQGRIPSSLGKCDKLELLDLGSNNLSGFIPSEILELSSLSEGVDLSQNHLTGFLPMGIGKLRNLGYLNLSYNKLQGQIPTTIGTCVKLEALDLNNNNFQGSIPSTMNNLRGLEFLVLSHNNLSGGIPGFLKDFKFLQILNLSSNNLEGAVPTGGIFSNATAVSIIGNKN
False Positive	Non-Immunogenic	Immunogenic	Vigna unguiculata	In11	ICDINGVCVDP	INR	DDFSTDNLPYLFGNTTKLHYLDLSYNYDLVVHDLHWISPLTSLQYLNLGGVYIHKDIDWLQSVTMLPSLEELHLVSCQLENLYPFLHYANFTSLQVLNLAHNNFVSEFPTWLFNLSSGISHIDLSQNQIHSQLPKTLPCFRSLKSLVLSQNYLKGTIPDWLGQLEQLQELDLSHNFLSGSIPTSLGNLSSLTILILESNEFNGSLPDDLGKLFNLETLRVAANSLTGIVSERNLLSFQNLRELSLSSPGLDFDFNSEWVPPFQLKHIRLGYVRNKFPAWLFKHSSLKYLAIGDSNASFEPLDKFWKFATQLEFISLERNTINGDMSNVVLNSKVVWLVGNNLGGFVPRITPEVVVLHLRNNSLSGSISTMLCQNMTNKSNLVHLNLAYNNLSGELTDCWNNWDSLVLINLGHNNLKGEIPNSMGSLSNLRCLSVGNNMLSGEVPLSLKKCHNLSIFDVGHNNLSGVLPSRFGENIKGLKLGSNQFSGTIPTQICELHSLMVMDFSSNRLSGSIPDCLHNITTMVANYASNRRVGFILNFPGFSVTVVTSVQILIKGNELSYVYLMNVI
False Positive	Weakly Immunogenic	Immunogenic	Arabidopsis thaliana	nlp	AWYFPKDSPMLLMGHRHDWE	RLP23	AVAVLQLRKCLSGTLKSNSSLFGFHQLRYVDLQNNNLTSSSLPSGFGNLKRLEGLFLSSNGFLGQVPSSFSNLTMLAQLDLSYNKLTGSFPLVRGLRKLIVLDLSYNHFSGTLNPNSSLFELHQLRYLNLAFNNFSSSLPSKFGNLHRLENLILSSNGFSGQVPSTISNLTRLTKLYLDQNKLTSSFPLVQNLTNLYELDLSYNKFFGVIPSSLLTLPFLAHLALRENNLAGSVEVSNSSTSSRLEIMYLGSNHFEGQILEPISKLINLKHLDLSFLNTSYPIDLKLFSSLKSLRSLDLSGNSISSASLSSDSYIPLTLEMLTLRHCDINEFPNILKTLKELVYIDISNNRMKGKIPEWLWSLPLLQSVTLGNNYFTGFQGSAEILVNSSVLLLYLDSNNFEGALPDLPLSIKGFGVASNSFTSEIPLSICNRSSLAAIDLSYNNFTGPIPPCLRNLELVYLRNNNLEGSIPDALCDGASLRTLDVSHNRLTGKLPRSFVNCSSLKFLSVINNRIEDTFPFWLKALPNLQVLTLRSNRFYGPISPPHQGPLGFPELRIFEISDNKFTGSLPPNYFVNWKASSRTMNQDGGLYMVYEEKLFDEGGYGYTDALDLQYKGLHMEQAKA
False Positive	Weakly Immunogenic	Immunogenic	Arabidopsis thaliana	elf18	SKEKFERTKPHVNVGTIG	EFR	LTGVISPSIGNLSFLRLLNLADNSFGSTIPQKVGRLFRLQYLNMSYNLLEGRIPSSLSNCSRLSTVDLSSNHLGHGVPSELGSLSKLAILDLSKNNLTGNFPASLGNLTSLQKLDFAYNQMRGEIPDEVARLTQMVFFQIALNSFSGGFPPALYNISSLESLSLADNSFSGNLRADFGYLLPNLRRLLLGTNQFTGAIPKTLANISSLERFDISSNYLSGSIPLSFGKLRNLAALGIRNNSLGNNSSSGLEFIGAVANCTQLEYLDVGYNRLGGELPASIANLSTTLTSLFLGQNLISGTIPHDIGNLVSLQELSLETNMLSGELPVSFGKLLNLQVVDLYSNAISGEIPSYFGNMTRLQKLHLNSNSFHGRIPQSLGRCRYLLDLWMDTNRLNGTIPQEILQIPSLAYIDLSNNFLTGHFPEEVGKLELLVGLGASYNKLSGKMPQAIGGCLSMEFLFMQGNSFDGAIPDISRLVSLKNVDFSNNNLSGRIPRYLASLPSLRNLNLSMNKFEGRVPTTGVFRNATAVSVFGNTNICGGVREMQLKPCIV
False Positive	Weakly Immunogenic	Immunogenic	Solanum lycopersicum	flg22	QKLSIASAINTTADDAAGSAVV	FLS2	SKLQVLDLTLNSFTGNIPPQLGHCTDLVELVFYQNSLFGEIPAELGNLKKLQLIDFGNNFLNGSIPDSICNCTELLLVGFNNNNFTGKLPSEIGNLANLQLFVAYTNNLVGFMPTSIGMLTALHTLDLSENQLSGPIPPEIGNLSSLGILQLHLNSLSGKIPSELGLCINLFTLNMYTNQFTGSIPPELGNLENLQMLRLYNNKLNSSIPASIFHLKSLTHLGLSQNELTGNIPPQLGSLTSLEVLTLHSNKLSGEIPSTITNLANLTYLSLGFNLLTGSLPSEFGLLYNLKNLTANNNLLEGSIPLSIINCSHLLVLSLTFNRITGEIPNGLGQLSNLTFLSLGSNKMMGEIPDDLFNSSMLEVLDLSDNNFSGKLKPMIGRLAKLRVLRAHSNSFLGPIPPEIGKLSQLLDLALHKNSFSGAIPPEISMLSNLQGLLLSDNKLEGELPVQLFELKQLNELRLKNNNFFGPIPHHISKLESLSLMDLSGNKLNGTIPESMTSLRRLMTVDLSHNLLTGTLPRAVLASMRSMQLYLNVSSNLLHGEIPDEIGVLEMVQEIDMSNNNLSGSIPRSLERCKNLFSLDLSGNMLSGPAPGEILTKLSELVFLNLSRNRLEGSLPEIAGLSHLSSLDVSQNKFKGIIPERFANMTALKYLNLSFNQLEGHIPKGGVFNNIRLEDLLGNPSLCGKKFLSPCHI
False Positive	Non-Immunogenic	Immunogenic	Arabidopsis thaliana	scoop	MAQSWLIEEGSSSHPERAGGR	MIK2	LPNLTFVDLSMNRFSGTISPLWGRFSKLEYFDLSINQLVGEIPPELGDLSNLDTLHLVENKLNGSIPSEIGRLTKVTEIAIYDNLLTGPIPSSFGNLTKLVNLYLFINSLSGSIPSEIGNLPNLRELCLDRNNLTGKIPSSFGNLKNVTLLNMFENQLSGEIPPEIGNMTALDTLSLHTNKLTGPIPSTLGNIKTLAVLHLYLNQLNGSIPPELGEMESMIDLEISENKLTGPVPDSFGKLTALEWLFLRDNQLSGPIPPGIANSTELTVLQLDTNNFTGFLPDTICRGGKLENLTLDDNHFEGPVPKSLRDCKSLIRVRFKGNSFSGDISEAFGVYPTLNFIDLSNNNFHGQLSANWEQSQKLVAFILSNNSITGAIPPEIWNMTQLSQLDLSSNRITGELPESISNINRISKLQLNGNRLSGKIPSGIRLLTNLEYLDLSSNRFSSEIPPTLNNLPRLYYMNLSRNDLDQTIPEGLTKLSQLQMLDLSYNQLDGEISSQFRSLQNLERLDLSHNNLSGQIPPSFKDMLALTHVDVSHNNLQGPIPDNAAFRNAPPDAFEGNKDLCG
False Positive	Non-Immunogenic	Immunogenic	Solanum lycopersicum	csp22	YIKPFFSFDGVGDSGGTKEDKD	CORE	PSIGNLSFLNVLKLQNNSFSGEIPSEIGYLHKLNVLRLDNNSFTGHIPSNISGCFNLVSVGLSYNMMVGEIPAELGTLLRLKQLSLVSNSLTGGIPPSFGNLSLLDTFSASKNNLLGKIPDELCQLLNLKYFVVNENNLSSTLPPCLFNLSSIVAIDVGTNHLEGQLPPLLGITLPKLEFLSIYRNNVTGNIPGTLSNATNLQSLIAGRNGLTGKVPPLGNLLKMRRFLVAFNDLGKEEADDLSFLSTLVNATNLELVELNTNNFGGVLPASVSNLSTELIELSLSYNQVSGEIPRGISNLKKLQAFFVAYNRFIGEIPSEIGDLMYLQELALLGNQFSGQIPISLGNLASLTKLTLRENNLQGRIPSSLGKCDKLELLDLGSNNLSGFIPSEILELSSLSEGVDLSQNHLTGFLPMGIGKLRNLGYLNLSYNKLQGQIPTTIGTCVKLEALDLNNNNFQGSIPSTMNNLRGLEFLVLSHNNLSGGIPGFLKDFKFLQILNLSSNNLEGAVPTGGIFSNATAVSIIGNKN
False Positive	Weakly Immunogenic	Immunogenic	Prunus mume	flg22	QRLSTGSRINSAKDDAAGLQIA	FLS2	LKGQISPFLGNISGLQVLDLTLNSFTGHIPVELGLCSQLSELILYENALSGPIPSELGNLRNLQQIDLGDNSLTGSIPESICNCKNLSAFGVIFNNITGKIPSNIGNLVNLQIFVAFGNRLVGSIPASIGKLGVLQALDLSQNQLSGVLPRELGNLSNLESLLLFQNSFVGNIPHELGRCKKLVNLELYINQFTGGIPSELGNLVHLETLRLYKNRLNSTIPLSIFQLKSLTHLGVSENELTGTIPSELGSLRSLQVLTMHSNKFTGEIPSSLTNLTNLTYLSMSINFLTGELPSNIGMLYNLKNLTMNHNLLEGSIPSNIVNCTQLLVISLAYNRITGKIPEGLWQLSNLTFFSVGSNKMFGEIPDDLFNCTSLATLDLSRNNFSSLLKPGIGKLSNLRILRTFSNSFAGPIPAEIGQLSQLIVLSLAENSFSGPVPPQLSKLSSLQGLSLDHNALEGAIPEKIFELKQLANLELQHNKLTGPIPVNISKLELISYLNLQHNMFNGYIPESMAHLSRLTTLDLSHNNLSGSIPGPVVSAMRSMQIYLNFSHNFLAGTIPDELGMLEMVQSIDISNNNLTGTIPRAIEGCKNLFSLDLSGNKLSGSLPAEAFARMDILTSLNLSRNNLDGQIPEKLANLKHLSSLDLSQNHLSGNIPESFANRSTLKHLNLSFNQLEGHVPDTVIFRRINASSLVGNPDLCGNKFLKACKRSSHLLSKK
False Positive	Weakly Immunogenic	Immunogenic	Solanum lycopersicum	flgII-28	ESTNILQRMRELVVQSRNDSNSSTDRDA	FLS3	NLSFLIGLNLANNNLHSEIPDGIGRLPRLRVIDIQNNQLHGSIPTSLFQHRSVQIISLAFNKLGGEMWNGTWYVPELRVLNLRNNTITGVIPPSIGNATKLMNFSLNGNRINGNIPMEIGNLSQLVELSLSRNQLTGSIPSTLFNISSLLVVSLAYNSLSGPLFPDDRRNVLSSNLEHIGVSYNQITGHIPSNICQFTALRVLSISYNNITGEIPRNIGCLAKLEEFYIGYNAINGTIPASLGNISTLQNLHCGSNHMEGELPPELGKLSNLRQINFEENYNLIGEIPNTIFNISSLEFIAFTFNYLSGRIPNLLHLPNLIQLLLANNQLEGEIPPYITNATNLELLELSDNLLTGTIPNDLGNLRELRDLFLHHNQLTELGFFDSLVKCRMLRYVQVGSNPLNDVLPSSIGNLSSTVEYFHIGDAQINGFIPTSTGNMTGLTTLVFQDNSLTGNIPREIGKLKQLQGLFLVNNGLQGDIAEVVCDLSNLVRLALSENELSGVIPECLGNLTMLQQLFLGSNKFESKLPLSFWKMSSLLYLNMSRNSIKGEVPSDIGELKAIVAIDISGNHFSGSIPSNLGELQTLKLLSLSNNSFSGPIPFSFSNLKSLEFLDLSLNNLSGTILKSFEKLLYLTSINVSFNVLEGEIPSGGVFANSTLQSFSGNKGLCGRQILDVPACAITTPEQQQSK
False Positive	Weakly Immunogenic	Non-Immunogenic	Arabidopsis thaliana	flg22	ERLSSLYCVKSAKDDAAGQAIA	FLS2	LTYLQVLDLTSNSFTGKIPAEIGKLTELNQLILYLNYFSGSIPSGIWELKNIFYLDLRNNLLSGDVPEEICKTSSLVLIGFDYNNLTGKIPECLGDLVHLQMFVAAGNHLTGSIPVSIGTLANLTDLDLSGNQLTGKIPRDFGNLLNLQSLVLTENLLEGDIPAEIGNCSSLVQLELYDNQLTGKIPAELGNLVQLQALRIYKNKLTSSIPSSLFRLTQLTHLGLSENHLVGPISEEIGFLESLEVLTLHSNNFTGEFPQSITNLRNLTVLTVGFNNISGELPADLGLLTNLRNLSAHDNLLTGPIPSSISNCTGLKLLDLSHNQMTGEIPRGFGRMNLTFISIGRNHFTGEIPDDIFNCSNLETLSVADNNLTGTLKPLIGKLQKLRILQVSYNSLTGPIPREIGNLKDLNILYLHSNGFTGRIPREMSNLTLLQGLRMYSNDLEGPIPEEMFDMKLLSVLDLSNNKFSGQIPALFSKLESLTYLSLQGNKFNGSIPASLKSLSLLNTFDISDNLLTGTIPGELLASLKNMQLYLNFSNNLLTGTIPKELGKLEMVQEIDLSNNLFSGSIPRSLQACKNVFTLDFSQNNLSGHIPDEVFQGMDMIISLNLSRNSFSGEIPQSFGNMTHLVSLDLSSNNLTGEIPESLANLSTLKHLKLASNNLKGHVPESGVFKNINASDLMGNTDLCGSKKPLKPCTIKQKSSHFSKRTR
False Positive	Non-Immunogenic	Immunogenic	Arabidopsis thaliana	flg22	QRLSTGSRINSAKDDAAGLQIA	FLS2	IANLTYLQVLDLTSNSFTGKIPAEIGKLTELNQLILYLNYFSGSIPSGIWELKNIFYLDLRNNLLSGDVPEEICKTSSLVLIGFDYNNLTGKIPECLGDLVHLQMFVAAGNHLTGSIPVSIGTLANLTDLDLSGNQLTGKIPRDFGNLLNLQSLVLTENLLEGDIPAEIGNCSSLVQLELYDNQLTGKIPAELGNLVQLQALRIYKNKLTSSIPSSLFRLTQLTHLGLSENHLVGPISEEIGFLESLEVLTLHSNNFTGEFPQSITNLRNLTVLTVGFNNISGELPADLGLLTNLRNLSAHDNLLTGPIPSSISNCTGLKLLDLSHNQMTGEIPRGFGRMNLTFISIGRNHFTGEIPDDIFNCSNLETLSVADNNLTGTLKPLIGKLQKLRILQVSYNSLTGPIPREIGNLKDLNILYLHSNGFTGRIPREMSNLTLLQGLRMYSNDLEGPIPEEMFDMKLLSVLDLSNNKFSGQIPALFSKLESLTYLSLQGNKFNGSIPASLKSLSLLNTFDISDNLLTGTIPGELLASLKNMLLALNAANNLLTGTIPKELGKLEMVQEIDLSNNLFSGSIPRSLQACKNVFTLDFSQNNLSGHIPDEVFQGMDMIISLNLSRNSFSGEIPQSFGNMTHLVSLDLSSNNLTGEIPESLANLSTLKHLKLASNNLKGHVPESGVFKNINASDLMGNTDLCGSKKPLKPCT
False Positive	Non-Immunogenic	Immunogenic	Salix suchowensis	flg22	DRISSGLKVGSASDNAAYWSIA	FLS2	LGNLSGLQVLDLTSNSFEGHIPPQLGLCSQLVKLVLYDNSFSGRIPVELGDLRKLQTLDLGGNYLNGESLCDCTSMLQFGVIFNNLTGIIPEKIGNLVNLQLFVAYGNNLVGSIPVSIGRLQALQALDFSQNQLSGIIPREIGNLSNLEYLLLFENSLVGNIPSELGRCEKLVKLDLYTNQFSGVIPKELGNLINLEQLRLSQNRLNSTIPLSLFQLKSLTHLGLSNNMLTGGIAPEVGSLRSLLVLTLHSNNFTGEIPASITNLSNLSYLSLGDNFLTGEIPSNIGMLYNLKNLSLPHNLLGGSIPKTITNCTQLLYIDLSFNRITGKLPQGLGQLYNLTTLSLGPNQMSGEIPEELYNCSNLIILSLAENNFSGMLGPGIGKLYNLQILKSGFNSLVGPIPTEIGNLTQLFFLSLPGNSFSGHIPPELSKLTLLQGLALNSNALEGPIPENIFGLTRLTVLLLGLNRFTGPISTSISKLEMLSVLDLHGNLLNGSIPTSMEHLIRLMSLDLSHNHLTGSIPGSVMAKMKSMQIFLNLSYNHLDGNIPLELGMLDGVQAIDLANNNLSGIIPKTLAGCRNLFSLDLSGNRLTGSIPAEALVQMSMLSLMNLSGNDLNGQIPEKLAELKHLSSLDLSKNQLDGTIPYSFGNLSSLKHLNLSFNHLEGRVPESGLFKSISSSSLVGNPSLCGTKFLKSCSKKNSH
False Positive	Weakly Immunogenic	Immunogenic	Arabidopsis thaliana	nlp	RVATYNGVYAIMYSWYFPKD	RLP23	AVAVLQLRKCLSGTLKSNSSLFGFHQLRYVDLQNNNLTSSSLPSGFGNLKRLEGLFLSSNGFLGQVPSSFSNLTMLAQLDLSYNKLTGSFPLVRGLRKLIVLDLSYNHFSGTLNPNSSLFELHQLRYLNLAFNNFSSSLPSKFGNLHRLENLILSSNGFSGQVPSTISNLTRLTKLYLDQNKLTSSFPLVQNLTNLYELDLSYNKFFGVIPSSLLTLPFLAHLALRENNLAGSVEVSNSSTSSRLEIMYLGSNHFEGQILEPISKLINLKHLDLSFLNTSYPIDLKLFSSLKSLRSLDLSGNSISSASLSSDSYIPLTLEMLTLRHCDINEFPNILKTLKELVYIDISNNRMKGKIPEWLWSLPLLQSVTLGNNYFTGFQGSAEILVNSSVLLLYLDSNNFEGALPDLPLSIKGFGVASNSFTSEIPLSICNRSSLAAIDLSYNNFTGPIPPCLRNLELVYLRNNNLEGSIPDALCDGASLRTLDVSHNRLTGKLPRSFVNCSSLKFLSVINNRIEDTFPFWLKALPNLQVLTLRSNRFYGPISPPHQGPLGFPELRIFEISDNKFTGSLPPNYFVNWKASSRTMNQDGGLYMVYEEKLFDEGGYGYTDALDLQYKGLHMEQAKA
False Positive	Weakly Immunogenic	Immunogenic	Oryza sativa	flg22	QRLSTGSRINSAKDDAAGLQIA	FLS2	SIQLPESKLRGALSPFLGNISTLQVIDLTSNAFAGGIPPQLGRLGELEQLVVSSNYFAGGIPSSLCNCSAMWALALNVNNLTGAIPSCIGDLSNLETFEAYLNNLDGELPPSMAKLKGIMVVDLSCNQLSGSIPPEIGDLSNLQILQLYENRFSGHIPRELGRCKNLTLLNIFSNGFTGEIPGELGELTNLEVMRLYKNALTSEIPRSLRRCVSLLNLDLSMNQLAGPIPPELGELPSLQRLSLHANRLAGTVPASLTNLVNLTILELSENHLSGPLPASIGSLRNLRRLIVQNNSLSGQIPASISNCTQLANASMSFNLFSGPLPAGLGRLQSLMFLSLGQNSLAGDIPDDLFDCGQLQKLDLSENSFTGGLSRLVGQLGNLTVLQLQGNALSGEIPEEIGNMTKLISLKLGRNRFAGHVPASISNMSSLQLLDLGHNRLDGVFPAEVFELRQLTILGAGSNRFAGPIPDAVANLRSLSFLDLSSNMLNGTVPAALGRLDQLLTLDLSHNRLAGAIPGAVIASMSNVQMYLNLSNNAFTGAIPAEIGGLVMVQTIDLSNNQLSGGVPATLAGCKNLYSLDLSGNSLTGELPANLFPQLDLLTTLNISGNDLDGEIPADIAALKHIQTLDVSRNAFAGAIPPALANLTALRSLNLSSNTFEGPVPDGGVFRNLTMSSLQGNAGLCGGK
False Positive	Non-Immunogenic	Immunogenic	Nicotiana benthamiana	flg22	ERLSSGLAINSAKDNAAGSGIV	FLS2	SDNNFSGKLKPMIGRLSKLRVLRARSNSFLGPIPPEIGKLSQLMDLVLDENSFSGVIPPEISMLSGLQGLWLSDNKLEGKLPVQLFELKKLNELRLQNNNFFGPIPHQISKLELLSLLDLSRNKLNGTIPESMASLRRLMTLDLSHNLLTGSVPRAVLASMRSMQFYLKVSSNFLDGTIPDEIGVLEMVQEIDMSNNNLSGSIPSSFGRCKNLFSLDLSGNMLSGPAPGAVLTKLSELVFLNLSRNRLESELPEMAGLPHLRSVDLSHNKFKGIIPERFASMPALKYLNLSFNQLEGHIPKGGVFNNIKLADLVGNPSLCGTKFLRPCSIKSNRTGSHGFSK
False Positive	Non-Immunogenic	Immunogenic	Mucuna pruriens	flg22	QRLSTGSRINSAKDDAAGLQIA	FLS2	ISGLQVLDLTSNLFTGYIPPQLSLCTQLTQLILVENSLSGPIPTELGNLKSLQYLDLGSNMLNGTLPDSIFNCTSLLAVAFNFNNLTGRIPSNIGNLVNLIQMPGFGNNFVGSIPLSIGQLGALQSFDFSQNKLSGEIPREIGNLTNLTELVLFQNSLSGKIPSELAKCSKLLNLELYGNQFIGSIPPELGNLVQLETLRLHHNNLNSTIPSSIFQLKSLTHLGLAENNLEGAISSEIGSMNSLQVLTLHLNKFTGKIPSSITNLTNLTYLSMSQNLLSGELPSNLGVLRNLKFLILNSNNFHGSIPPSITNCTSLVNVSLSFNALTGKIPEGFSRLPNLTFLSLTSNKMIGEIPDDLYNCSNLSTLSLAENNFSGLIKSGIQNLSKLLRLQLNVNSFIGPIPPEIGNLNQLNTLSLSENKFSGQIPPELSKLSHLQGLTLHDNLLEGTIPDKLSELKDLTELLLHQNKLVGQIPDSISKLEMLSHLDLHGNKLNGSVPRSMGQLNQLLVLDLSQNQLTGSIPGDVIAHFKDMQLYLNLSYNHLVGNVPTELGMLEMIQAIDISNNNLSGFIPKTLAGCRNLFNLDFSGNNISGPIPPEAFSHMDLLESLNLSRNHLEGEIPETFAELDHLSSLDLSQNDLKGTIPEGFANLSNLVHLNLSFNQLEGPVPKTGIFAHINASSMMGNQDL
False Positive	Weakly Immunogenic	Immunogenic	Solanum abancayense	pep-25	DVTAGAEVWNQPVRGFKVYEQTEMT	PERU	GTIPRDLGNLTFLISLDLGSNNFHGNLPQEIARLSRLKFLDLSFNKFRGEIPSWFGFLERLQVLNLRSNSFTGFIPPSLSNASRLETLEISANLLEGNIPEEIGNLHNLNLLSIQHNKLTGSIPFTIFNISSIEVIAFTNNSLSGNLPNGLCNGLPILKELRLSVNKLHGHMPKSLSNCSQLQKLSLSGNDFDGPIHSEIGRLSNLQILYLGANHFTGIIPQEIGNLVNLMKLGVEINQITNSIPISIFNISSLQEVSLWKNNLKGSLPREIGNLTKMQFLYLEENRFTGEIPKEIRNLVELEELNLELNSFSGSLPMEIFNISRLRIMSLSANNLSGTLPPNIGSTLPNIEELYLHGLTNLVGTIPHSISNCSKLNNLELSQNKLTGLIPNSLGYLTHLHYLNLRRNNLTSDSFLSFLTSLTNCRNLTSLYLSFNPLNAMLPVSVGNFSISLIKFDANACNIKGKIPNEVGNLSNLLDLDLSDNNLIGSIPTSIHNMRSLQRLDLRNNKLTGFIGDNLCKLQHLGDIYLGQNQLSGALPNCLGNITSLRFLHLDSNKLSSNIPTSLGNLKDLIKLHLSSNNMVGSLPPEIGGLQNLVQLSLRHNKLQGSIPDSVSNMVGLEFLDISHNNISGSIPMSMEKLQNLKYFNVSVNKLYGEIPSGGPFKNLSSQ
False Positive	Non-Immunogenic	Immunogenic	Arabidopsis thaliana	flg22	QRLSTGSRINSAKDDAAGLQ	FLS2	LTYLQVLDLTSNSFTGKIPAEIGKLTELNQLILYLNYFSGSIPSGIWELKNIFYLDLRNNLLSGDVPEEICKTSSLVLIGFDYNNLTGKIPECLGDLVHLQMFVAAGNHLTGSIPVSIGTLANLTDLDLSGNQLTGKIPRDFGNLLNLQSLVLTENLLEGDIPAEIGNCSSLVQLELYDNQLTGKIPAELGNLVQLQALRIYKNKLTSSIPSSLFRLTQLTHLGLSENHLVGPISEEIGFLESLEVLTLHSNNFTGEFPQSITNLRNLTVLTVGFNNISGELPADLGLLTNLRNLSAHDNLLTGPIPSSISNCTGLKLLDLSHNQMTGEIPRGFGRMNLTFISIGRNHFTGEIPDDIFNCSNLETLSVADNNLTGTLKPLIGKLQKLRILQVSYNSLTGPIPREIGNLKDLNILYLHSNGFTGRIPREMSNLTLLQGLRMYSNDLEGPIPEEMFDMKLLSVLDLSNNKFSGQIPALFSKLESLTYLSLQGNKFNGSIPASLKSLSLLNTFDISDNLLTGTIPGELLASLKNMQLYLNFSNNLLTGTIPKELGKLEMVQEIDLSNNLFSGSIPRSLQACKNVFTLDFSQNNLSGHIPDEVFQGMDMIISLNLSRNSFSGEIPQSFGNMTHLVSLDLSSNNLTGEIPESLANLSTLKHLKLASNNLKGHVPESGVFKNINASDLMGNTDLCGSKKPLKPCTIKQKSSHFSKRTR
False Negative	Immunogenic	Non-Immunogenic	Vitis riparia	flg22	QQVTSGFRVGSASDDPTYWSMA	FLS2	LAGQISPFLGNISILQVLDLSSNSFTGHIPPQLGLCSQLLELNLFQNSLSGSIPPELGNLRNLQSLDLGSNFLEGSIPKSICNCTALLGLGIIFNNLTGTIPTDIGNLANLQILVLYSNNIIGPIPVSIGKLGDLQSLDLSINQLSGVMPPEIGNLSNLEYLQLFENRLSGKIPSELGQCRKLTTLNLYGNQFTGGIPSELGNLVHLKALRLYKNRLNSTIPSSLFQLKSLVHLGISENELIGTIPSELGSLRSLQALTLQLNKFTGKIPAQITNLTNLTYLSMDFNFLTGELPSNIGSLYRLKNLTLNNNLLEGSIPSSITNCTRLVVLGLAYNMITGEIPQGLGQLPNLIFLSFGKNQMSGNIPDDLFNCSNLIILDLAKNNFSGVLKPGIGKLYNLHIFQAHKNSLVGPIPPEIGNLSQLFSLKLHLNSLSGTVPPELSKLSLLQGLYLNDNALEGAIPEEIFELKQLSDLGLGNNRFAGHIPHAVSKLESLLYLTLNGNVLNGSIPASMARLSRLATLDLSHNHLVGSIPGPVIASMKNMQIYLNFSHNFLSGPIPDEIGKLEMVQIVDMSNNNLSGSIPETLQGCRNLFNLDLSVNELSGPVPEKAFAQMDVLTSLNLSRNNLNGGLPGSLANMKNLSSLDLSQNKFKGMIPESYANISTLKQLNLSFNQLE
False Negative	Immunogenic	Weakly Immunogenic	Arabidopsis thaliana	scoop	RGIVKPPIASFHSASPKDKGP	MIK2	LPNLTFVDLSMNRFSGTISPLWGRFSKLEYFDLSINQLVGEIPPELGDLSNLDTLHLVENKLNGSIPSEIGRLTKVTEIAIYDNLLTGPIPSSFGNLTKLVNLYLFINSLSGSIPSEIGNLPNLRELCLDRNNLTGKIPSSFGNLKNVTLLNMFENQLSGEIPPEIGNMTALDTLSLHTNKLTGPIPSTLGNIKTLAVLHLYLNQLNGSIPPELGEMESMIDLEISENKLTGPVPDSFGKLTALEWLFLRDNQLSGPIPPGIANSTELTVLQLDTNNFTGFLPDTICRGGKLENLTLDDNHFEGPVPKSLRDCKSLIRVRFKGNSFSGDISEAFGVYPTLNFIDLSNNNFHGQLSANWEQSQKLVAFILSNNSITGAIPPEIWNMTQLSQLDLSSNRITGELPESISNINRISKLQLNGNRLSGKIPSGIRLLTNLEYLDLSSNRFSSEIPPTLNNLPRLYYMNLSRNDLDQTIPEGLTKLSQLQMLDLSYNQLDGEISSQFRSLQNLERLDLSHNNLSGQIPPSFKDMLALTHVDVSHNNLQGPIPDNAAFRNAPPDAFEGNKDLCG
False Negative	Immunogenic	Weakly Immunogenic	Arabidopsis thaliana	scoop	GASGSNSGRAPSC	MIK2	LPNLTFVDLSMNRFSGTISPLWGRFSKLEYFDLSINQLVGEIPPELGDLSNLDTLHLVENKLNGSIPSEIGRLTKVTEIAIYDNLLTGPIPSSFGNLTKLVNLYLFINSLSGSIPSEIGNLPNLRELCLDRNNLTGKIPSSFGNLKNVTLLNMFENQLSGEIPPEIGNMTALDTLSLHTNKLTGPIPSTLGNIKTLAVLHLYLNQLNGSIPPELGEMESMIDLEISENKLTGPVPDSFGKLTALEWLFLRDNQLSGPIPPGIANSTELTVLQLDTNNFTGFLPDTICRGGKLENLTLDDNHFEGPVPKSLRDCKSLIRVRFKGNSFSGDISEAFGVYPTLNFIDLSNNNFHGQLSANWEQSQKLVAFILSNNSITGAIPPEIWNMTQLSQLDLSSNRITGELPESISNINRISKLQLNGNRLSGKIPSGIRLLTNLEYLDLSSNRFSSEIPPTLNNLPRLYYMNLSRNDLDQTIPEGLTKLSQLQMLDLSYNQLDGEISSQFRSLQNLERLDLSHNNLSGQIPPSFKDMLALTHVDVSHNNLQGPIPDNAAFRNAPPDAFEGNKDLCG
False Negative	Immunogenic	Non-Immunogenic	Glycine max	flg22	QRLSTGLRVNSAQDDSAAYAAS	FLS2	GEISPFLGNISGLQVFDVTSNSFSGYIPSQLSLCTQLTQLILVDNSLSGPIPPELGNLKSLQYLDLGNNFLNGSLPDSIFNCTSLLGIAFNFNNLTGRIPANIGNPVNLIQIAGFGNSLVGSIPLSVGQLAALRALDFSQNKLSGVIPREIGNLTNLEYLELFQNSLSGKVPSELGKCSKLLSLELSDNKLVGSIPPELGNLVQLGTLKLHRNNLNSTIPSSIFQLKSLTNLGLSQNNLEGTISSEIGSMNSLQVLTLHLNKFTGKIPSSITNLTNLTYLSMSQNLLSGELPSNLGALHDLKFLVLNSNCFHGSIPSSITNITSLVNVSLSFNALTGKIPEGFSRSPNLTFLSLTSNKMTGEIPNDLYNCSNLSTLSLAMNNFSGLIKSDIQNLSKLIRLQLNGNSFIGPIPPEIGNLNQLVILSLSENTFSGQIPPELSKLSHLQGISLYDNELQGTIPDKLSELKELTELLLHQNKLVGQIPDSLSKLEMLSYLDLHGNKLNGSIPRSMGKLNHLLALDLSHNQLTGIIPGDVIAHFKDIQMYLNLSYNHLVGNVPTELGMLGMIQAIDISNNNLSGFIPKTLAGCRNLFNLDFSGNNISGPIPAEAFSHMDLLESLNLSRNHLKGEIPEILAELDRLSSLDLSQNDLKGTIPEGFANLSNLVHLNLSFNQLEGHVPKTGIFAHINASSIV
False Negative	Non-Immunogenic	Weakly Immunogenic	Solanum lycopersicum	csp22	AVGTVKWFNAEKGFGF	CORE	PSIGNLSFLNVLKLQNNSFSGEIPSEIGYLHKLNVLRLDNNSFTGHIPSNISGCFNLVSVGLSYNMMVGEIPAELGTLLRLKQLSLVSNSLTGGIPPSFGNLSLLDTFSASKNNLLGKIPDELCQLLNLKYFVVNENNLSSTLPPCLFNLSSIVAIDVGTNHLEGQLPPLLGITLPKLEFLSIYRNNVTGNIPGTLSNATNLQSLIAGRNGLTGKVPPLGNLLKMRRFLVAFNDLGKEEADDLSFLSTLVNATNLELVELNTNNFGGVLPASVSNLSTELIELSLSYNQVSGEIPRGISNLKKLQAFFVAYNRFIGEIPSEIGDLMYLQELALLGNQFSGQIPISLGNLASLTKLTLRENNLQGRIPSSLGKCDKLELLDLGSNNLSGFIPSEILELSSLSEGVDLSQNHLTGFLPMGIGKLRNLGYLNLSYNKLQGQIPTTIGTCVKLEALDLNNNNFQGSIPSTMNNLRGLEFLVLSHNNLSGGIPGFLKDFKFLQILNLSSNNLEGAVPTGGIFSNATAVSIIGNKN
False Negative	Immunogenic	Non-Immunogenic	Vitis riparia	flg22	ERLSSGSRITSSKEDAAGQAIS	FLS2	LGNLSKLQVLDLTLNTFTGQIPPQLGLCSQLSELILYQNSLAGPIPQELGILGNLQSLDLGANFLEGSIPESICNCTGLLNLGIDNNNLSGAIPSDIGRLDNLQVFTGYRNNLVGSIPVSIGTLGALQVLDLSTNHLSGVLPPEMGNLSNLETLQLLENRLHGKIPPELGLCRKLTTLNLYGNQFSGGIPSELGNLVHLKALRLYKNRLSSTIPSSLFQLKSLVHLGISENELSGTIPFEVGSLRSLQALTLQLNKFTGQIPSSITNLTNLTYLSMDFNFFTGDIPSNIGSLYRLKNLTLNNNLLQGSVPSSISNCTRLVVLGLAYNRITGRIPQGLGRLANLIFLSFGKNQMSGNIPDDLFNCSNLIILDLAKNNFSGVLKPGIGKLYNLHIFQAHKNSLVGPIPPEIGNLSQLFSLKLHLNSLSGTVPPELSKLSLLQGLYLNDNALEGALPEVIFELKQLSDLGLGNNRFAGPIPHAISKLESLLYLTLHGNLFNGSIPTSMGHLSRLATLDLSHNHLVGSIPGPVIAGMKNMQIYLNFSHNFLSGPIPNELGKLEMVQIVDMSNNNLSGSIPATLQRCKNLFNIDLSVNQLSGTIPEKAFAGMDVLTSLNLSRNNLDGRLPGSLAIMKNLSSLDLSQNKFKGMIPESYANISTLRHLNLSFNQLEGHVPATGIFKNIGASSLVGNPGLCGTKFLGSCSNKSHLAGSHPF
False Negative	Immunogenic	Non-Immunogenic	Brassica rapa	flg22	QRLSTGSRINSAKDDAAGLQIA	FLS2	AIANLTYLQVLDLTSNSFSGEIPSEIGNLTELNQLILYLNYFSGSIPSEIWRLKNIVYLDLRDNLLTGDVPEAICKTISLELVGFENNNLTGTIPECLGDLVHLQIFIAGLNRFSGSIPISIGNLVNLTDFSLDSNQLTGKIPREIGNLSNLQALVLAENLLEGEIPAEIGNCTNLNQLELYGNQLTGGIPAELGNLVQLEALRLYTNKLNSSIPSSLFRLTRLTNLGLSENQLVGPIPEEIGFLTSVKVLTLHSNNLTGEFPQSITNMKNLTVITMGFNSISGELPANLGILTNLRNLSAHDNLLTGSIPSSISNCTSLKVLDLSYNQMTGKIPRGLGRMNLTLLSLGPNRFTGEIPDDIFNCSDLGILNLAQNNFTGAIKPFIGKLQKLRILQLSSNSLAGSIPREIGNLRELSLLQLHTNHFTGRIPREISSLTLLQGLELGRNYLQGPIPEEIFGMKQLSELYLSNNNFSGPIPVLFSKLESLTYLGLRGNKFNGSIPASLKSLSHLNTLDISDNLLTGTIPSELISSMRNLQLTLNFSNNLLSGTIPNELGKLEMVQEIDFSNNLFSGSIPRSLQACKNVYYLDFSRNNLSGQIPDEVFQQGGMDMIKSLNLSRNSLSGGIPQSFGNMTHLVSLDLSYNNLTGEIPESLANLSTLKHLKLASNHLKGHVPESGVFKNINASDLMGNTDLCGSKKP
False Negative	Non-Immunogenic	Weakly Immunogenic	Solanum abancayense	pep-25	DVTAGAEVWNQAVRGFKVYEQTEMT	PERU	GTIPRDLGNLTFLISLDLGSNNFHGNLPQEIARLSRLKFLDLSFNKFRGEIPSWFGFLERLQVLNLRSNSFTGFIPPSLSNASRLETLEISANLLEGNIPEEIGNLHNLNLLSIQHNKLTGSIPFTIFNISSIEVIAFTNNSLSGNLPNGLCNGLPILKELRLSVNKLHGHMPKSLSNCSQLQKLSLSGNDFDGPIHSEIGRLSNLQILYLGANHFTGIIPQEIGNLVNLMKLGVEINQITNSIPISIFNISSLQEVSLWKNNLKGSLPREIGNLTKMQFLYLEENRFTGEIPKEIRNLVELEELNLELNSFSGSLPMEIFNISRLRIMSLSANNLSGTLPPNIGSTLPNIEELYLHGLTNLVGTIPHSISNCSKLNNLELSQNKLTGLIPNSLGYLTHLHYLNLRRNNLTSDSFLSFLTSLTNCRNLTSLYLSFNPLNAMLPVSVGNFSISLIKFDANACNIKGKIPNEVGNLSNLLDLDLSDNNLIGSIPTSIHNMRSLQRLDLRNNKLTGFIGDNLCKLQHLGDIYLGQNQLSGALPNCLGNITSLRFLHLDSNKLSSNIPTSLGNLKDLIKLHLSSNNMVGSLPPEIGGLQNLVQLSLRHNKLQGSIPDSVSNMVGLEFLDISHNNISGSIPMSMEKLQNLKYFNVSVNKLYGEIPSGGPFKNLSSQ
False Negative	Immunogenic	Non-Immunogenic	Arabidopsis thaliana	pg	AAHNSDGFAVSSS	RLP42	LFQFHHLRSLLLPHNNFTSSSISSKFGMLNNLEVLSLSSSGFLAQVPFSFSNLSMLSALDLSKNELTGSLSFVRNLRKLRVLDVSYNHFSGILNPNSSLFELHHLIYLNLRYNNFTSSSLPYEFGNLNKLEVLDVSSNSFFGQVPPTISNLTQLTELYLPLNDFTGSLPLVQNLTKLSILHLFGNHFSGTIPSSLFTMPFLSSIYLNKNNLSGSIEVPNSSSSSRLEHLYLGKNHLGKILEPIAKLVNLKELDLSFLNTSHPIDLSLFSSLKSLLLLDLSGDWISKASLTLDSYIPSTLEVLRLEHCDISEFPNVFKTLHNLEYIALSNNRISGKFPEWLWSLPRLSSVFITDNLLTGFEGSSEVLVNSSVQILSLDTNSLEGALPHLPLSINYFSAIDNRFGGDIPLSICNRSSLDVLDLSYNNFSGQIPPCLSNLLYLKLRKNNLEGSIPDKYYVDTPLRSFDVGYNRLTGKLPRSLINCSALQFLSVDHNGIKDTFPFYLKALPKLQVLLLSSNEFYGPLSPPNQGPLGFPELRILEIAGNKLTGSLPPDFFVNWKASSHTMNEDLGLYMVYSKVIFGNYHLTYYETIDLRYKGLSMEQENVLTSSATI
False Negative	Immunogenic	Non-Immunogenic	Arabidopsis thaliana	nlp	GIMYAWYFPKDSPATGLGHRHDWE	RLP23	AVAVLQLRKCLSGTLKSNSSLFGFHQLRYVDLQNNNLTSSSLPSGFGNLKRLEGLFLSSNGFLGQVPSSFSNLTMLAQLDLSYNKLTGSFPLVRGLRKLIVLDLSYNHFSGTLNPNSSLFELHQLRYLNLAFNNFSSSLPSKFGNLHRLENLILSSNGFSGQVPSTISNLTRLTKLYLDQNKLTSSFPLVQNLTNLYELDLSYNKFFGVIPSSLLTLPFLAHLALRENNLAGSVEVSNSSTSSRLEIMYLGSNHFEGQILEPISKLINLKHLDLSFLNTSYPIDLKLFSSLKSLRSLDLSGNSISSASLSSDSYIPLTLEMLTLRHCDINEFPNILKTLKELVYIDISNNRMKGKIPEWLWSLPLLQSVTLGNNYFTGFQGSAEILVNSSVLLLYLDSNNFEGALPDLPLSIKGFGVASNSFTSEIPLSICNRSSLAAIDLSYNNFTGPIPPCLRNLELVYLRNNNLEGSIPDALCDGASLRTLDVSHNRLTGKLPRSFVNCSSLKFLSVINNRIEDTFPFWLKALPNLQVLTLRSNRFYGPISPPHQGPLGFPELRIFEISDNKFTGSLPPNYFVNWKASSRTMNQDGGLYMVYEEKLFDEGGYGYTDALDLQYKGLHMEQAKA
False Negative	Immunogenic	Weakly Immunogenic	Arabidopsis thaliana	scoop	PIFVPPSTSHKGQGP	MIK2	LPNLTFVDLSMNRFSGTISPLWGRFSKLEYFDLSINQLVGEIPPELGDLSNLDTLHLVENKLNGSIPSEIGRLTKVTEIAIYDNLLTGPIPSSFGNLTKLVNLYLFINSLSGSIPSEIGNLPNLRELCLDRNNLTGKIPSSFGNLKNVTLLNMFENQLSGEIPPEIGNMTALDTLSLHTNKLTGPIPSTLGNIKTLAVLHLYLNQLNGSIPPELGEMESMIDLEISENKLTGPVPDSFGKLTALEWLFLRDNQLSGPIPPGIANSTELTVLQLDTNNFTGFLPDTICRGGKLENLTLDDNHFEGPVPKSLRDCKSLIRVRFKGNSFSGDISEAFGVYPTLNFIDLSNNNFHGQLSANWEQSQKLVAFILSNNSITGAIPPEIWNMTQLSQLDLSSNRITGELPESISNINRISKLQLNGNRLSGKIPSGIRLLTNLEYLDLSSNRFSSEIPPTLNNLPRLYYMNLSRNDLDQTIPEGLTKLSQLQMLDLSYNQLDGEISSQFRSLQNLERLDLSHNNLSGQIPPSFKDMLALTHVDVSHNNLQGPIPDNAAFRNAPPDAFEGNKDLCG
False Negative	Immunogenic	Weakly Immunogenic	Nicotiana benthamiana	flg22	RINSAKDDAAGLQIA	FLS2	SDNNFSGKLKPMIGRLSKLRVLRARSNSFLGPIPPEIGKLSQLMDLVLDENSFSGVIPPEISMLSGLQGLWLSDNKLEGKLPVQLFELKKLNELRLQNNNFFGPIPHQISKLELLSLLDLSRNKLNGTIPESMASLRRLMTLDLSHNLLTGSVPRAVLASMRSMQFYLKVSSNFLDGTIPDEIGVLEMVQEIDMSNNNLSGSIPSSFGRCKNLFSLDLSGNMLSGPAPGAVLTKLSELVFLNLSRNRLESELPEMAGLPHLRSVDLSHNKFKGIIPERFASMPALKYLNLSFNQLEGHIPKGGVFNNIKLADLVGNPSLCGTKFLRPCSIKSNRTGSHGFSK
False Negative	Immunogenic	Non-Immunogenic	Trachelospermum jasminoides	flg22	QRLSTGLRVNSAQDDSAAYAAS	FLS2	MGNLSHLQVLDLTLNSFTGNIPRELGLCSQLKELILYSNSLSGEIPEELGNLETLESVDFGNNLLNGSIPDSICNCRSLLQLGLIYNNLTGVVPSNIGNLTNLQLFVAYANNLAGSIPASIGNLQALQALDLSVNQLSGPIPPEIGNLTNLEVLQLFSNSLKGKIPSELGRCQKLVLLNVYTNQFTGGIPPELGNLTNLEALRLYQNNLNSTIPHTLFQLKSLTHLGLSENNLIGSIPSEIGTLRSLQVLTLHSNRFTWNIPLSVTNLTNLTYLSMSFNSLTGKLLSDIGSLHNLKNLSLNNNLLEGSIPSSISNCTHLLVISLTYNRLTGKLPEGLGQISNLTYFSVGGNKISGYIPDDLFNCSMLQVVDLSLNNFSGRINPNIGRLSNLRLFRAHDNSLSGYIPSEIGNLSQLMDLVLQKNNFSGPIPPEVSKLTALQGLALNHNLLEGDIPEQLSELKQLTELRLQHNKLVGPIPEAISKLELLSYLDLSENMLNGTIPKGMEHLRRLMALDLSRNHLTGTVPAALMGNLKSLQIYLNLSHNSLEGTIPDEFGRLEMVQVIDMSNNNLSGSIPQTLEHCRNLFSLDLSGNKLSGELPEQTFLQLRELVTLNLSRNQLEGALPADLASLRYLESLDLSQNKFNGPIPESFANLSNLRYLNLSFNKLQGRVPENGVFRNSSATTLVGNPALCGTRLVIPCDDGKHLKNFHHRRK
False Negative	Immunogenic	Weakly Immunogenic	Arabidopsis thaliana	flg22	RINSAKDDAAGLQIA	FLS2	PAIANLTYLQVLDLTSNSFTGKIPAEIGKLTELNQLILYLNYFSGSIPSGIWELKNIFYLDLRNNLLSGDVPEEICKTSSLVLIGFDYNNLTGKIPECLGDLVHLQMFVAAGNHLTGSIPVSIGTLANLTDLDLSGNQLTGKIPRDFGNLLNLQSLVLTENLLEGEIPAEIGNCSSLVQLELYDNQLTGKIPAELGNLVQLQALRIYKNKLTSSIPSSLFRLTQLTHLGLSENHLVGPISEEIGFLESLEVLTLHSNNFTGEFPQSITNLRNLTVLTVGFNNISGELPADLGLLTNLRNLSAHDNLLTGPIPSSISNCTGLKLLDLSHNQMTGEIPRGFGRMNLTFISIGRNHFTGEIPDDIFNCSNLETLSVADNNLTGTLKPLIGKLQKLRILQVSYNSLTGPIPREIGNLKDLNILYLHSNGFTGRIPREMSNLTLLQGLRMYTNNLEGPIPEEMFDMKLLSVLDLSNNKFSGQIPALFSKLESLTYLSLQGNKFNGSIPASLQSLSLLNTFDISDNLLTGTIHGELLTSLKNMQLYLNFSNNLLTGTIPKELGKLEMVQEIDFSNNLFSGSIPRSLQACKNVFTLDFSRNNLSGQIPDEVFQGMDMIISLNLSRNSFSGEIPQSFGNMTHLVSLDLSSNKLTGEIPESLANLSTLKHLKLASNNLKGHVPESGVFKNINASDLMGNTDLCGSKKPLKPCT
False Negative	Non-Immunogenic	Weakly Immunogenic	Solanum lycopersicum	crip21	GCKYGCCGSYANGQCSACC	CuRe1	KSLQVLLLSSQNIIGWTKNEGFSKLRQLPNLKEVDLQYNPIDPKVLLSSLCWISSLEVLKLGVDVDTSFSIPMTYNTNMMSKKCGGLSNLRELWFEGYEINDINILSALGELRNLEKLILDDNNFNSTIFSSLKIFPSLKHLNLAANEINGNVEMNDIIDLSNLEYLDLSDNNIHSFATTKGNKKMTSLRSLLLGSSYSNSSRVIRSLKSFSSLKSLSYKNSNLTSPSIIYALRNLSTVEYLYFKGSSLNDNFLPNIGQMTSLKVLNMPSGGNNGTLPNQGWCELKYIEELDFLNNNFVGTLPLCLGNLTSLRWLSLAGNNLHGNIASHSIWRRLTSLEYLDIADNQFDVPLSFSQFSDHKKLIYLNVGYNTIITDTEYQNWIPNFQLEFFAIQRCIALQKLPSFLHYQYDLRILAIEGNQLQGKFPTWLLENNTRLAAIYGRDNAFSGPLKLPSSVHLHLEAVDVSNNKLNGHIPQNMSLAFPKLLSLNMSHNHLEGPIPSKISGIYLTILDLSVNFLSGEVPGDLAVVDSPQLFYLRLSNNKLKGKIFSEEFRPHVLSFLYLNDNNFEGALPSNVFLSSLITLDASRNNFSGEIPGCTRDNRRLLQLDLSKNHLQGLIPVEICNLKIINVLAISENKISGSIPSCVSSLPLKHIHLQKNQLGGELGHVIFNFSSLITLDLRYNNFAGNIPYTIGSLSNLNYLLLSNNKLEGDIPT
False Negative	Immunogenic	Non-Immunogenic	Fagus crenata	flg22	QRLSTGLRVNSAQDDSAAYAAS	FLS2	ITPFLGNLSSLQVLDLTSNTFTGHIPAQLGLCSQLSVLTLYENSLSGPIPPELGNLKNLQSVDLGSNFLNGSIPESICNCTSLLACSVSFNNLAGIIPSNIGNLANLQIFLVYKNNLVGSIPVSIGRLESLQALDLSQNQFSGVIPPQIGNFSNLEYLLLFENSFVGKIPSELGRCKKLVALELYTNQFTGGIPFEIGNLVHLETLRLYNNKLNSTIPASLLQLKSLTHLGLSENELTGIIPSELGSLRSLVVLTLHSNKFSGEIPSSLTNLTNLTQLSMSFNFLTGKLPSDIGLLYNLKNLTMNNNLLEGTIPSSIKNCTHLLVVGLSRNKITGKIPWGFQQLLNLTFLSLSYNKMSDEIPDDLFNCSNLRILDLTQNFFSGPIKSGIGKLSNLQILRVHTNSFIGPIPPDMGNLSKLFSLSLGQNSLSGLVPSELSKLSLLQGLYLNDNALEGAIPEKIFEVKQLNEVGLQNNRFKGPIPDAVSKLEQLSYLDLHGNMLNGSILRSMEHLNKLMTLDLSHNHLTGSIPSLVIASMKTMQIYLNLSYNFLVGTIPDELGTLETVQAIDISNNNLSGIIPKTLRGCRNLFSLDLSGNKLSGPIPAEALTQMDLLTSLNLSRNKLDSGLPEDLASLKHLISLDLSQNQLKGIIPESFANLS
False Negative	Immunogenic	Weakly Immunogenic	Arabidopsis thaliana	flg22	RINSAKDDAAGLQIA	FLS2	LTYLQVLDLTSNSFTGKIPAEIGKLTELNQLILYLNYFSGSIPSGIWELKNIFYLDLRNNLLSGDVPEEICKTSSLVLIGFDYNNLTGKIPECLGDLVHLQMFVAAGNHLTGSIPVSIGTLANLTDLDLSGNQLTGKIPRDFGNLLNLQSLVLTENLLEGEIPAEIGNCSSLVQLELYDNQLTGKIPAELGNLVQLQALRIYKNKLTSSIPSSLFRLTQLTHLGLSENHLVGPISEEIGFLESLEVLTLHSNNFTGEFPQSITNLRNLTVLTVGFNNISGELPADLGLLTNLRNLSAHDNLLTGPIPSSISNCTGLKLLDLSHNQMTGEIPRGFGRMNLTFISIGRNHFTGEIPDDIFNCSNLETLSVADNNLTGTLKPLIGKLQKLRILQVSYNSLTGPIPREIGNLKDLNILYLHSNGFTGRIPREMSNLTLLQGLRMYSNDLEGPIPEEMFDMKLLSVLDLSNNKFSGQIPALFSKLESLTYLSLQGNKFNGSIPASLKSLSLLNTFDISDNLLTGTIPGELLASLKNMQLYLNFSNNLLTGTIPKELGKLEMVQEIDLSNNLFSGSIPRSLQACKNVFTLDFSQNNLSGHIPDEVFQGMDMIISLNLSRNSFSGEIPQSFGNMTHLVSLDLSSNNLTGEIPESLANLSTLKHLKLASNNLKGHVPESGVFKNINASDLMGNTDLCGSKKPLKPCT
False Negative	Immunogenic	Weakly Immunogenic	Solanum pampasense	pep-25	DVTAGAEVANQPVRGFKVYEQTEMT	PERU	ALTGRIPHDFGNLTFLVSLDLGRNNFHGNLPQEMVRLRRLKFLKLSFNKFRGEIPSWFGFLKQLQVLYLGNNSFSGFISPSLFNASRLETLQISANLLEGNIPEEIGNLHNLKLLSIQHNQLTGSIPFTIFNISRIEFIAFTDNRLSGDLPKDLCNDLPKLKGLYLSTNRFDGHMPTSLSNCSQLQMLSLSGNEFDGPIQSEIGRLSNLQFLYLGSNHFTGIIPQEIGNLVNLVELDVVGNQITGSIPISIFNISSLQFVSLGTNDLKESLPREIGNLTKMQFLYLDENRFTGEIPKEIRNLIELEELNLGLNSFSGSVPMEIFNISRLRKMALAFNNLSGTLPSKIGSTLPNIEQLYLNNLTNLFGTIPHSISNCSKLTILELSQNKLTGLIPNSLGYLTHLNFLNVERNNLTSDSFLSFLTSLTNCRNLRFLSLSFNPLNGMLPVSVGNFSKSLVKFYAIACNIKGKIPNEVGNLSSLLDLDLSQNNLIGSIPISIHNLKNLQRMSFAYNKLTGFIGDHICKLQHLGAIYLGQNQLSGSLPNCLGNITSLREIHMDSNKLSSNIPTGLGNLKDLIQLDLSSNNMVGSLPPEIGNLKAVTYMDLSMNQFTNDIPREIGGLQNLVDLSLQHNKLQGSIPDSMSNMIGLEYLDISHNNISGTIPMSLEKLQNLKYFNVSVNKLHGE
False Negative	Non-Immunogenic	Weakly Immunogenic	Arabidopsis thaliana	flg22	QQLSSGKRITSASVDAAGLAIS	FLS2	LTYLQVLDLTSNSFTGKIPAEIGKLTELNQLILYLNYFSGSIPSGIWELKNIFYLDLRNNLLSGDVPEEICKTSSLVLIGFDYNNLTGKIPECLGDLVHLQMFVAAGNHLTGSIPVSIGTLANLTDLDLSGNQLTGKIPRDFGNLLNLQSLVLTENLLEGDIPAEIGNCSSLVQLELYDNQLTGKIPAELGNLVQLQALRIYKNKLTSSIPSSLFRLTQLTHLGLSENHLVGPISEEIGFLESLEVLTLHSNNFTGEFPQSITNLRNLTVLTVGFNNISGELPADLGLLTNLRNLSAHDNLLTGPIPSSISNCTGLKLLDLSHNQMTGEIPRGFGRMNLTFISIGRNHFTGEIPDDIFNCSNLETLSVADNNLTGTLKPLIGKLQKLRILQVSYNSLTGPIPREIGNLKDLNILYLHSNGFTGRIPREMSNLTLLQGLRMYSNDLEGPIPEEMFDMKLLSVLDLSNNKFSGQIPALFSKLESLTYLSLQGNKFNGSIPASLKSLSLLNTFDISDNLLTGTIPGELLASLKNMQLYLNFSNNLLTGTIPKELGKLEMVQEIDLSNNLFSGSIPRSLQACKNVFTLDFSQNNLSGHIPDEVFQGMDMIISLNLSRNSFSGEIPQSFGNMTHLVSLDLSSNNLTGEIPESLANLSTLKHLKLASNNLKGHVPESGVFKNINASDLMGNTDLCGSKKPLKPCTIKQKSSHFSKRTR
False Negative	Immunogenic	Non-Immunogenic	Quercus variabilis	flg22	SRLSSGLKVQNARDNVGVLSTI	FLS2	KGEITPFLGNLSSLQVLDLTLNSFTGHIPAQLGLCSQLSELTLYENSLSGPIPPELGNLKNLQSVDLGDNSLNGSIPESICNCTSLLAFGVIFNNLTGKIPSNIGNLANLQLFLVYGNKLVGSIPVSIGRLESLQALDLSQNQFSGVIPPQIGNLSNLEYLLLFENSFLGKIPSELGRCKQLVALELYTNQFTGGIPLEIGYLYHLETLRLYKNKLNSTIPASIFQLKSLTHLGLSENELTGIIPFELGSLRSLEVLTLHSNKFSGEVPSSLTNLTNLTQLSMSFNFLTGKLPSDIGLLYNLKNLTMNNNLLEGAIPSSITNCTHLLVIGLSRNRITGKIPQGFQQLQNLTFLSLSYNKMVGVIPDGLFNCSNLRILDLTQNFFRGPIKSGIGKLSNLQILRAHSNSFIGPIPPDTGNLSKLFSLSLGQNSLSGLVPPELSKLSLLQGLYLNDNDLEGAIPENFFEMKQLNELGLQNNKFKGPIPDAISKLEQLSYLNLHGNMLNGSILRSMGHLNQLMTLDLSHNYLTGSIPASVLASMKRMQLYLNFSYNFLVGTIPDELGMLEMVQAIDISNNNLSGTIPKTIGGCKNLFSLDLSGNNLSGPIPAEEFTQMVMLSSLNLSRNKLDGGLPEDLAALKYLSSLDLSQNQLKGIIPESFANLSNLKYLNLSFNQLEGHVPEIGIFRHINSSSLMGNPH
False Negative	Non-Immunogenic	Weakly Immunogenic	Prunus persica	flg22	RINSAKDDAAGQAIA	FLS2	KQLKGQISPFLGNVSGLQVLDLTSNSFTGHIPVELGLCSQLSELILYENALSGPIPSELGNLRNLQQIDLGDNSLTGSIPESICNCKNLSAFGVIFNNITGKIPPNIGNLVNLQIFVAFGNRLVGSIPASIGKLGVLQALDLSQNRLSGVLPRELGNLSNLESLLLFQNSFVGNIPPELGRCKKLFNLELYVNQFTGGIPSELGNLVHLETLRLYKNRLNSTIPLSIFQLKSLTHLGVSENELTGTIPSELGSLRSLQVLTMHSNKFTGEIPSSLTNLANLTYLSMSINFLTGELPSNIGMLYNLKNLTMNRNLLEGSIPSSIVNCTQLLVISLAYNRITGKIPEGLWQLPNLTFFSVGSNKMFGEIPDDLFNCTSLATLDLSRNNFSSLLKPGIGKLSNLRILRTFSNSFAGPIPPEIGQLSQLIVLSLAENSFSGPVPPQLSKLSSLQGLSLDHNALEGAIPEKIFELKQLANLELQHNKLAGPIPVNISKLELLSYLNLQHNMFNGYIPESMAHLNRLTTLDLSHNNLSGSIPGPVVSAMRSMQIYLNFSYNFLTGTIPDELGMLEMVQSIDISNNNLTGTIPRAIEGCKNLFSLDLSGNKLSGSLPAEAFDQMDILTSLNLSRNNLDGQILEKLANLKHLSSLDLSQNHLSGKIPESFANSSTLKHLNLSFNQLEGHVPDTGIFRRINASSLVGNPDL
False Negative	Immunogenic	Non-Immunogenic	Euclidium syriacum	scoop	PVRSSQSSQAGGR	MIK2	NLTYVDLSMNRFSGTIPPQFGQFSKLIYFDLSINQLVGEIPRELGNLRNLETLHLVENKLNGSIPSEIGLLTKLHEIALYDNLLTGPIPSSFGNLTNLANLYLFINSLSGQIPPEIGNLTNLAELCLDRNKLTGRIPSTFGKLKNVTLLNMFENNLTGEIPPEIGNMTALDTLSLHNNNLTGSIPSTLGNLKSLAILHLYLNKLTGSIPPELGNMESMIDLEISENRLTGPVPDSFGKLTQLEWLFLRDNQLSGPLPPGIANSSELTVLQLDTNRFTGFLPETICQSGKLENITLDDNLLEGPIPKGLRDCKSLIRARFKGNNFSGDISEAFGVYPNLNFIDLSNNRFHGQISGRWEQSRKLVAFLISHNNITGAIPHEIWNMTQLSQLDLSSNRITGELPETIGNLKRLSKLQLNGNQLSGRIPSGIRLLANLEYLDLSSNRFSLGIPATLDSLSRLYYMNLSRNVLDERIPMGLTKLAQLQVLDLSHNELDGEIPSQFSSLQNLERLDLSHNNLSGVIPASFTEMRALVFIDVSHNNLEGPIPDNGAFRNAPPDALEGNIDLCGGSTSQGLKPCPITSSGKK
False Negative	Immunogenic	Non-Immunogenic	Vigna unguiculata	In11	ICDINGVCVDA	INR	RCDDFSTDNLPYLFGNTTKLHYLDLSYNYDLVVHDLHWISPLTSLQYLNLGGVYIHKDIDWLQSVTMLPSLEELHLVSCQLENLYPFLHYANFTSLQVLNLAHNNFVSEFPTWLFNLSSGISHIDLSQNQIHSQLPKTLPCFRSLKSLVLSQNYLKGTIPDWLGQLEQLQELDLSHNFLSGSIPTSLGNLSSLTILILESNEYNGSLPDDLGKLFNLETLRVAANSLTGIVSERNLLSFQNLRELSLSSPGLDFDFNSEWVPPFQLKHIRLGYVRNKFPAWLFKHSSLKYLAIGDSNASFEPLDKFWKFATQLEFISLERNTINGDMSNVVLNSKVVWLVGNNLGGFVPRITPEVVVLHLRNNSLSGSISTMLCQNITNKSNLVHLNLAYNNLSGELTDCWNNWESLVLINLGHNNLKGKIPNSMGSLSNLRFLSLGNNMLSGEVPLSLKKCHNLSIFDVGHNNLSGVLPSRFGENIKGLKLGSNQFSGTIPTQICELHSLMVMDFSSNRLSGSIPDCLHNITTMVANYASNRRVGFILNFPGFSVTVVTSVQILIKGNELSYVYLMNV
False Negative	Non-Immunogenic	Weakly Immunogenic	Humulus lupulus	flg22	ERLSSGSRITSSKEDAAGQAIS	FLS2	QLKGQISAFLGNLSSLQVLDLTQNSFTGSIPAQLGLCSQLSELTLYLNALSGHIPPQLGNLKNLQSLDLGANFLNGSIPESICNCTSLLAFGIIFNNLTGSIPSNIGSLINLQMFVAYGNSLVGSIPQSIGELGALQALDLSQNKLSGVLPLEIGNLSNLEYLELFENSFHGEIPPEIGRCKKLIFLELNTNKLTGGIPSELGELVHLEKLQLYGNRLNSTIPLSLFRLKSLFKLGLSENELTGTIPSELEHLRSLQILTLHSNKFRGKIPPSLTKLKNLTYLSMGNNFLTGELPSNIGLLHNLKNLSMPSTLLEGSIPSSITNCTKLLGIDLANNSFTGEIPQGLGQLQNLTYLILENNKMNGEVPDDLFDCSNLVKLALSGNSFSGSLKPDIGKLFNLQLFHASSNSFIGQIPPEIGNLTNLFSLTLADNSFSGQLPPEFFKLTQLQGLSLRDNDLEGGIPKQFSELKQLAILVLQRNRFTGPIPDAISKLEWLTELYLHENMLNGSIPRSLGGHGRLSVLDLSHNHFSGSIPTSLITNLKGMQMYLNLSFNHLEGSVPQELGMLEMVQEIDMSNNKLTEIIPNSIKGCKNLVSLDLSSNNLTGPIPGEAFARIDLLTNLNLSSNSLDGELPEKLASLKHLKSLDLSHNQLEGNIPLSFSNFSTLIHLNLSYNHLAGHVPEAGIFKSLNTSSLAGNSNLCGARLLKACSQT
False Negative	Non-Immunogenic	Weakly Immunogenic	Arabidopsis thaliana	pg	AHNSDGFDV	RLP42	SSLFQFHHLRSLLLPHNNFTSSSISSKFGMLNNLEVLSLSSSGFLAQVPFSFSNLSMLSALDLSKNELTGSLSFVRNLRKLRVLDVSYNHFSGILNPNSSLFELHHLIYLNLRYNNFTSSSLPYEFGNLNKLEVLDVSSNSFFGQVPPTISNLTQLTELYLPLNDFTGSLPLVQNLTKLSILHLFGNHFSGTIPSSLFTMPFLSSIYLNKNNLSGSIEVPNSSSSSRLEHLYLGKNHAGKILEPIAKLVNLKELDLSFLNTSHPIDLSLFSSLKSLLLLDLSGDWISKASLTLDSYIPSTLEVLRLEHCDISEFPNVFKTLHNLEYIALSNNRISGKFPEWLWSLPRLSSVFITDNLLTGFEGSSEVLVNSSVQILSLDTNSLEGALPHLPLSINYFSAIDNRFGGDIPLSICNRSSLDVLDLSYNNFSGQIPPCLSNLLYLKLRKNNLEGSIPDKYYVDTPLRSFDVGYNRLTGKLPRSLINCSALQFLSVDHNGIKDTFPFYLKALPKLQVLLLSSNEFYGPLSPPNQGPLGFPELRILEIAGNKLTGSLPPDFFVNWKASSHTMNEDLGLYMVYSKVIFGNYHLTYYETIDLRYKGLSMEQENVLTSSATID
False Negative	Immunogenic	Non-Immunogenic	Arabidopsis thaliana	scoop	PPRGSGGSGSGHGGGR	MIK2	LPNLTFVDLSMNRFSGTISPLWGRFSKLEYFDLSINQLVGEIPPELGDLSNLDTLHLVENKLNGSIPSEIGRLTKVTEIAIYDNLLTGPIPSSFGNLTKLVNLYLFINSLSGSIPSEIGNLPNLRELCLDRNNLTGKIPSSFGNLKNVTLLNMFENQLSGEIPPEIGNMTALDTLSLHTNKLTGPIPSTLGNIKTLAVLHLYLNQLNGSIPPELGEMESMIDLEISENKLTGPVPDSFGKLTALEWLFLRDNQLSGPIPPGIANSTELTVLQLDTNNFTGFLPDTICRGGKLENLTLDDNHFEGPVPKSLRDCKSLIRVRFKGNSFSGDISEAFGVYPTLNFIDLSNNNFHGQLSANWEQSQKLVAFILSNNSITGAIPPEIWNMTQLSQLDLSSNRITGELPESISNINRISKLQLNGNRLSGKIPSGIRLLTNLEYLDLSSNRFSSEIPPTLNNLPRLYYMNLSRNDLDQTIPEGLTKLSQLQMLDLSYNQLDGEISSQFRSLQNLERLDLSHNNLSGQIPPSFKDMLALTHVDVSHNNLQGPIPDNAAFRNAPPDAFEGNKDLCG
False Negative	Non-Immunogenic	Weakly Immunogenic	Arabidopsis thaliana	scoop	PVHSSRSTPPSSS	MIK2	LPNLTFVDLSMNRFSGTISPLWGRFSKLEYFDLSINQLVGEIPPELGDLSNLDTLHLVENKLNGSIPSEIGRLTKVTEIAIYDNLLTGPIPSSFGNLTKLVNLYLFINSLSGSIPSEIGNLPNLRELCLDRNNLTGKIPSSFGNLKNVTLLNMFENQLSGEIPPEIGNMTALDTLSLHTNKLTGPIPSTLGNIKTLAVLHLYLNQLNGSIPPELGEMESMIDLEISENKLTGPVPDSFGKLTALEWLFLRDNQLSGPIPPGIANSTELTVLQLDTNNFTGFLPDTICRGGKLENLTLDDNHFEGPVPKSLRDCKSLIRVRFKGNSFSGDISEAFGVYPTLNFIDLSNNNFHGQLSANWEQSQKLVAFILSNNSITGAIPPEIWNMTQLSQLDLSSNRITGELPESISNINRISKLQLNGNRLSGKIPSGIRLLTNLEYLDLSSNRFSSEIPPTLNNLPRLYYMNLSRNDLDQTIPEGLTKLSQLQMLDLSYNQLDGEISSQFRSLQNLERLDLSHNNLSGQIPPSFKDMLALTHVDVSHNNLQGPIPDNAAFRNAPPDAFEGNKDLCG
False Negative	Non-Immunogenic	Weakly Immunogenic	Canavalia ensiformis	In11	ICDINGVCVDA	INR-like	NLSRGNPSYLCGNSTNLRYLDLSNNYGFIVDNLHWISHLSSLQYLSLGGVHLHKAIDWLQSVTILPSLSELHLDNCQLENIYPSLHYANFTSLEVLNLAGNDFTSELPTWLFNLSSEISHIDLSKNKIHSQLSKALPNLRNIKSLILSGNYLKGPIPDWLGQFEQLQELDLSSNYFSGPIPSSLGNLSSLTILRLGTNNLNGNLPESLGQLFNLEVLTVDGNSLTGIVSERNLLSLSNLKVFWLSSPSLIIDFDHKWVPPFQLRYLKLGYMSGKLPPWLFTQYSLKQLNIKDSNASFEPLDKFWNFTTQLEYLYLVNNTINGDMSNVLLNSTLVWLVSNNLRGSLPRISSNVIILCLYNNSLSGSISPLLCHNMTEKKNVMHLDLGYNHLSGELTNCWNEWNLLVHVDMGYNNLTGKIPDSMGSLSNLVALFLESNMLFGELPLALKNCQKLSILDVGHNNLSGTIPSWMGLSIKGLKLRSNQFSGNISTELCQLQSLMVMDFASNKLSGPIPNCLHNITAMLSDQAESHQFGVVISTHGLSLSFVFSITMLIKGNELEYFNLMNLIDLSSNNLSGSVP
False Negative	Non-Immunogenic	Weakly Immunogenic	Solanum lycopersicum	crip21	GGGGSGHGGHGKGKN	CuRe1	KSLQVLLLSSQNIIGWTKNEGFSKLRQLPNLKEVDLQYNPIDPKVLLSSLCWISSLEVLKLGVDVDTSFSIPMTYNTNMMSKKCGGLSNLRELWFEGYEINDINILSALGELRNLEKLILDDNNFNSTIFSSLKIFPSLKHLNLAANEINGNVEMNDIIDLSNLEYLDLSDNNIHSFATTKGNKKMTSLRSLLLGSSYSNSSRVIRSLKSFSSLKSLSYKNSNLTSPSIIYALRNLSTVEYLYFKGSSLNDNFLPNIGQMTSLKVLNMPSGGNNGTLPNQGWCELKYIEELDFLNNNFVGTLPLCLGNLTSLRWLSLAGNNLHGNIASHSIWRRLTSLEYLDIADNQFDVPLSFSQFSDHKKLIYLNVGYNTIITDTEYQNWIPNFQLEFFAIQRCIALQKLPSFLHYQYDLRILAIEGNQLQGKFPTWLLENNTRLAAIYGRDNAFSGPLKLPSSVHLHLEAVDVSNNKLNGHIPQNMSLAFPKLLSLNMSHNHLEGPIPSKISGIYLTILDLSVNFLSGEVPGDLAVVDSPQLFYLRLSNNKLKGKIFSEEFRPHVLSFLYLNDNNFEGALPSNVFLSSLITLDASRNNFSGEIPGCTRDNRRLLQLDLSKNHLQGLIPVEICNLKIINVLAISENKISGSIPSCVSSLPLKHIHLQKNQLGGELGHVIFNFSSLITLDLRYNNFAGNIPYTIGSLSNLNYLLLSNNKLEGDIPT
False Negative	Immunogenic	Non-Immunogenic	Arabidopsis thaliana	nlp	AIMYSWAFPKDSPVTGLGHR	RLP23	AVAVLQLRKCLSGTLKSNSSLFGFHQLRYVDLQNNNLTSSSLPSGFGNLKRLEGLFLSSNGFLGQVPSSFSNLTMLAQLDLSYNKLTGSFPLVRGLRKLIVLDLSYNHFSGTLNPNSSLFELHQLRYLNLAFNNFSSSLPSKFGNLHRLENLILSSNGFSGQVPSTISNLTRLTKLYLDQNKLTSSFPLVQNLTNLYELDLSYNKFFGVIPSSLLTLPFLAHLALRENNLAGSVEVSNSSTSSRLEIMYLGSNHFEGQILEPISKLINLKHLDLSFLNTSYPIDLKLFSSLKSLRSLDLSGNSISSASLSSDSYIPLTLEMLTLRHCDINEFPNILKTLKELVYIDISNNRMKGKIPEWLWSLPLLQSVTLGNNYFTGFQGSAEILVNSSVLLLYLDSNNFEGALPDLPLSIKGFGVASNSFTSEIPLSICNRSSLAAIDLSYNNFTGPIPPCLRNLELVYLRNNNLEGSIPDALCDGASLRTLDVSHNRLTGKLPRSFVNCSSLKFLSVINNRIEDTFPFWLKALPNLQVLTLRSNRFYGPISPPHQGPLGFPELRIFEISDNKFTGSLPPNYFVNWKASSRTMNQDGGLYMVYEEKLFDEGGYGYTDALDLQYKGLHMEQAKA
False Negative	Non-Immunogenic	Weakly Immunogenic	Arabidopsis thaliana	pg	AAHNSKGFDVSSS	RLP42	LFQFHHLRSLLLPHNNFTSSSISSKFGMLNNLEVLSLSSSGFLAQVPFSFSNLSMLSALDLSKNELTGSLSFVRNLRKLRVLDVSYNHFSGILNPNSSLFELHHLIYLNLRYNNFTSSSLPYEFGNLNKLEVLDVSSNSFFGQVPPTISNLTQLTELYLPLNDFTGSLPLVQNLTKLSILHLFGNHFSGTIPSSLFTMPFLSSIYLNKNNLSGSIEVPNSSSSSRLEHLYLGKNHLGKILEPIAKLVNLKELDLSFLNTSHPIDLSLFSSLKSLLLLDLSGDWISKASLTLDSYIPSTLEVLRLEHCDISEFPNVFKTLHNLEYIALSNNRISGKFPEWLWSLPRLSSVFITDNLLTGFEGSSEVLVNSSVQILSLDTNSLEGALPHLPLSINYFSAIDNRFGGDIPLSICNRSSLDVLDLSYNNFSGQIPPCLSNLLYLKLRKNNLEGSIPDKYYVDTPLRSFDVGYNRLTGKLPRSLINCSALQFLSVDHNGIKDTFPFYLKALPKLQVLLLSSNEFYGPLSPPNQGPLGFPELRILEIAGNKLTGSLPPDFFVNWKASSHTMNEDLGLYMVYSKVIFGNYHLTYYETIDLRYKGLSMEQENVLTSSATI
False Negative	Non-Immunogenic	Weakly Immunogenic	Solanum lycopersicum	crip21	GKNCGNSGCCGGAYSNGQC	CuRe1	KSLQVLLLSSQNIIGWTKNEGFSKLRQLPNLKEVDLQYNPIDPKVLLSSLCWISSLEVLKLGVDVDTSFSIPMTYNTNMMSKKCGGLSNLRELWFEGYEINDINILSALGELRNLEKLILDDNNFNSTIFSSLKIFPSLKHLNLAANEINGNVEMNDIIDLSNLEYLDLSDNNIHSFATTKGNKKMTSLRSLLLGSSYSNSSRVIRSLKSFSSLKSLSYKNSNLTSPSIIYALRNLSTVEYLYFKGSSLNDNFLPNIGQMTSLKVLNMPSGGNNGTLPNQGWCELKYIEELDFLNNNFVGTLPLCLGNLTSLRWLSLAGNNLHGNIASHSIWRRLTSLEYLDIADNQFDVPLSFSQFSDHKKLIYLNVGYNTIITDTEYQNWIPNFQLEFFAIQRCIALQKLPSFLHYQYDLRILAIEGNQLQGKFPTWLLENNTRLAAIYGRDNAFSGPLKLPSSVHLHLEAVDVSNNKLNGHIPQNMSLAFPKLLSLNMSHNHLEGPIPSKISGIYLTILDLSVNFLSGEVPGDLAVVDSPQLFYLRLSNNKLKGKIFSEEFRPHVLSFLYLNDNNFEGALPSNVFLSSLITLDASRNNFSGEIPGCTRDNRRLLQLDLSKNHLQGLIPVEICNLKIINVLAISENKISGSIPSCVSSLPLKHIHLQKNQLGGELGHVIFNFSSLITLDLRYNNFAGNIPYTIGSLSNLNYLLLSNNKLEGDIPT
False Negative	Non-Immunogenic	Weakly Immunogenic	Solanum lycopersicum	csp22	ETGLIKWFSNEKRYGFIQPEDP	CORE	PSIGNLSFLNVLKLQNNSFSGEIPSEIGYLHKLNVLRLDNNSFTGHIPSNISGCFNLVSVGLSYNMMVGEIPAELGTLLRLKQLSLVSNSLTGGIPPSFGNLSLLDTFSASKNNLLGKIPDELCQLLNLKYFVVNENNLSSTLPPCLFNLSSIVAIDVGTNHLEGQLPPLLGITLPKLEFLSIYRNNVTGNIPGTLSNATNLQSLIAGRNGLTGKVPPLGNLLKMRRFLVAFNDLGKEEADDLSFLSTLVNATNLELVELNTNNFGGVLPASVSNLSTELIELSLSYNQVSGEIPRGISNLKKLQAFFVAYNRFIGEIPSEIGDLMYLQELALLGNQFSGQIPISLGNLASLTKLTLRENNLQGRIPSSLGKCDKLELLDLGSNNLSGFIPSEILELSSLSEGVDLSQNHLTGFLPMGIGKLRNLGYLNLSYNKLQGQIPTTIGTCVKLEALDLNNNNFQGSIPSTMNNLRGLEFLVLSHNNLSGGIPGFLKDFKFLQILNLSSNNLEGAVPTGGIFSNATAVSIIGNKN
False Negative	Non-Immunogenic	Weakly Immunogenic	Solanum lycopersicum	crip21	NYCRHGCCSGYYRGGGCKQCC	CuRe1	KSLQVLLLSSQNIIGWTKNEGFSKLRQLPNLKEVDLQYNPIDPKVLLSSLCWISSLEVLKLGVDVDTSFSIPMTYNTNMMSKKCGGLSNLRELWFEGYEINDINILSALGELRNLEKLILDDNNFNSTIFSSLKIFPSLKHLNLAANEINGNVEMNDIIDLSNLEYLDLSDNNIHSFATTKGNKKMTSLRSLLLGSSYSNSSRVIRSLKSFSSLKSLSYKNSNLTSPSIIYALRNLSTVEYLYFKGSSLNDNFLPNIGQMTSLKVLNMPSGGNNGTLPNQGWCELKYIEELDFLNNNFVGTLPLCLGNLTSLRWLSLAGNNLHGNIASHSIWRRLTSLEYLDIADNQFDVPLSFSQFSDHKKLIYLNVGYNTIITDTEYQNWIPNFQLEFFAIQRCIALQKLPSFLHYQYDLRILAIEGNQLQGKFPTWLLENNTRLAAIYGRDNAFSGPLKLPSSVHLHLEAVDVSNNKLNGHIPQNMSLAFPKLLSLNMSHNHLEGPIPSKISGIYLTILDLSVNFLSGEVPGDLAVVDSPQLFYLRLSNNKLKGKIFSEEFRPHVLSFLYLNDNNFEGALPSNVFLSSLITLDASRNNFSGEIPGCTRDNRRLLQLDLSKNHLQGLIPVEICNLKIINVLAISENKISGSIPSCVSSLPLKHIHLQKNQLGGELGHVIFNFSSLITLDLRYNNFAGNIPYTIGSLSNLNYLLLSNNKLEGDIPT
False Negative	Immunogenic	Non-Immunogenic	Vitis riparia	flg22	SRVSSGLRVKSASDNAAYWSIA	FLS2	ISPFLGNISILQVLDLSSNSFTGHIPPQLGLCSQLLELNLFQNSLSGSIPPELGNLRNLQSLDLGSNFLEGSIPKSICNCTALLGLGIIFNNLTGTIPTDIGNLANLQILVLYSNNIIGPIPVSIGKLGDLQSLDLSINQLSGVMPPEIGNLSNLEYLQLFENRLSGKIPSELGQCKKLIYLNLYSNQFTGGIPSELGNLVQLVALKLYKNRLNSTIPSSLFQLKYLVHLGISENELIGTIPSELGSLRSLQVLTLQLNKFTGKIPAQITNLTNLTYLSMDFNFLTGELPSNIGSLHNLKNLTLNNNLLEGSIPSSITNCTRLVVIGLAYNMITGEIPQGLGQLPNLIFLSFGKNQMSGNIPDDLFNCSNLAILDLAKNNFSGVLKPGIGKLYNLHIFQAHKNSLVGPIPPEIGNLSQLFSLKLNGNSLSGTVPPELSKLSLLQGLYLDDNALEGAIPEEIFELKQLSDLGLGDNRFAGHIPHAVSKLESLLNLYLNGNVLNGSIPASMARLSRLAILDLSHNHLVGSIPGPVIASMKNMQIYLNFSHNFLSGPIPDEIGKLEMVQIVDMSNNNLSGSIPETLQGCRNLFNLDLSVNELSGPVPEKAFAQMDVLTSLNLSRNNLNGGLPGSLANMKNLSSLDLSQNKFKGMIPESYANISTLKQLNLSFNQLEGRVPETGIFKNVSASSLVGNPGLC
False Negative	Immunogenic	Non-Immunogenic	Solanum boliviense	pep-25	DVTAGAEVWNQAVRGFKVYEQTEMT	PERU	TGTIPRDLGNLTFLISLDLGSNNFHGNLPQEIARLSRLKFLDLSFNKFRGEIPSWFGFLERLQVLNLRSNSFTGFIPPSLSNASRLETLEISANLLEGNIPEEIGNLHNLNLLSIQHNKLTGSIPFTIFNISSIEVIAFTNNSLSGNLPNGLCNGLPILKELRLSVNKLHGHMPKSLSNCSQLQKLSLSGNDFDGPIHSEIGRLSNLQILYLGANHFTGIIPQEIGNLVNLMKLGVEINQITSSIPISIFNISSLQEVSLWKNNLKGSLPREIGNLTKMQFLYLEENRFTGEIPKEIRNLVELEELNLELNSFSGSLPMEIFNISRLRIMSLSANNLSGTLPPNIGSTLPNIEELYLHGLTNLVGTIPHSISNCSKLNNLELSQNKLTGMIPNSLGYLTHLHYLNLQRNNLTSDSFLSFLTSLTNCRNLASLYLSFNPLNAMLPVSVGNFSISLIKFDANACNIKGKIPNEVGNLSNLLVLDLSDNNLIGSIPTSIHNLRSLQRLDLNNNKLTGFIGDNLCKLQHLGDIYLGQNQLSGSLPNCLGNVTSLRLIYLDSNKLSSNIPTSLGNLKDLIKLHLSSNNMVGSLPPEIGELQNLVHLSLRHNKLQGSIPDSVSNMVGLEFLDISHNNISGTIPMSMEKLQNLKYFNVSVNKLYGEIPSGGPFKNLS
False Negative	Immunogenic	Weakly Immunogenic	Arabidopsis thaliana	scoop	IVWTPASRSCGASHA	MIK2	LPNLTFVDLSMNRFSGTISPLWGRFSKLEYFDLSINQLVGEIPPELGDLSNLDTLHLVENKLNGSIPSEIGRLTKVTEIAIYDNLLTGPIPSSFGNLTKLVNLYLFINSLSGSIPSEIGNLPNLRELCLDRNNLTGKIPSSFGNLKNVTLLNMFENQLSGEIPPEIGNMTALDTLSLHTNKLTGPIPSTLGNIKTLAVLHLYLNQLNGSIPPELGEMESMIDLEISENKLTGPVPDSFGKLTALEWLFLRDNQLSGPIPPGIANSTELTVLQLDTNNFTGFLPDTICRGGKLENLTLDDNHFEGPVPKSLRDCKSLIRVRFKGNSFSGDISEAFGVYPTLNFIDLSNNNFHGQLSANWEQSQKLVAFILSNNSITGAIPPEIWNMTQLSQLDLSSNRITGELPESISNINRISKLQLNGNRLSGKIPSGIRLLTNLEYLDLSSNRFSSEIPPTLNNLPRLYYMNLSRNDLDQTIPEGLTKLSQLQMLDLSYNQLDGEISSQFRSLQNLERLDLSHNNLSGQIPPSFKDMLALTHVDVSHNNLQGPIPDNAAFRNAPPDAFEGNKDLCG
False Negative	Immunogenic	Non-Immunogenic	Arabidopsis thaliana	elf18	SKEKFERTKPHVNVGTIG	EFR	SPSIGNLSFLRLLNLADNSFGSTIPQKVGRLFRLQYLNMSYNLLEGRIPSSLSNCSRLSTVDLSSNHLGHGVPSELGSLSKLAILDLSKNNLTGNFPASLGNLTSLQKLDFAYNQMRGEIPDEVARLTQMVFFQIALNSFSGGFPPALYNISSLEALSLADNSFSGNLRADFGYLLPNLRRLLLGTNQFTGAIPKTLANISSLERFDISSNYLSGSIPLSFGKLRNLWWLGIRNNSLGNNSSSGLEFIGAVANCTQLEYLDVGYNRLGGELPASIANLSTTLTSLFLGQNLISGTIPHDIGNLVSLQELSLETNMLSGELPVSFGKLLNLQVVDLYSNAISGEIPSYFGNMTRLQKLHLNSNSFHGRIPQSLGRCRYLLDLWMDTNRLNGTIPQEILQIPSLAYIDLSNNFLTGHFPEEVGKLELLVGLGASYNKLSGKMPQAIGGCLSMEFLFMQGNSFDGAIPDISRLVSLKNVDFSNNNLSGRIPRYLASLPSLRNLNLSMNKFEGRVPTTGVFRNATAVSVFGNTNIC
